x1,x2,x3,x4,x5,x6,y
-1.0,0.7330119823326332,0.4057328617618011,-1.0,0.3029040276781896,1.0,0.49301898952306655
-0.11845316189454368,-0.6401060360918968,-1.0,-1.0,-0.754566039099501,-0.4794847400520845,0.7611886724560999
-0.4112376277827974,0.023079952154125283,-0.698864176656195,-0.4465921323113321,0.023840490958565885,-0.4856128975883586,-0.34492595498761447
0.4083155683672224,1.0,1.0,1.0,0.7057111232944109,0.4595167163616823,-6.869661415630757
-0.3358926822419408,-1.0,0.674996623514001,0.35179045636078987,0.24491114899291078,1.0,1.988348649175696
1.0,1.0,1.0,0.35851989896197844,0.7016077873623742,0.0678337189206682,-4.411372709827697
0.8355230778229608,-0.1976178993636608,0.00382507756275019,0.658584896344004,0.13113113157154893,-0.4486951539639752,1.132043914236374
-1.0,1.0,-0.4069260491704769,0.11037262564403172,-0.7291993328007386,0.4320454680103694,0.23173683961255812
-0.6939771634738858,-0.26352500426883396,-0.8421207431561774,-1.0,-1.0,-0.7024833784397073,1.3847405878400172
-0.7052917710328181,-0.19812944048522085,-0.19863964259995848,0.8350271179224731,-0.4381317657846198,1.0,0.8881826188948576
0.6123024772797414,-0.9691516321742878,-1.0,-0.9605335189824934,-0.611343352891064,1.0,5.412208516602639
-1.0,-0.5022098488521094,-1.0,-0.7173685706934578,1.0,0.27521454671659473,-1.9972149690433894
0.4072271600480646,0.1511248362502854,-0.2795371523635315,0.07488645879060496,-0.591035664598744,-1.0,2.521906556641456
-1.0,-1.0,-0.8451734649706955,-1.0,-1.0,0.048055841603843685,-0.9689321085200895
-0.3191956833549746,0.42318799834757126,-0.8081717899972886,-0.43495839849531925,-0.40691362731298,-0.8103138578270359,0.5519973964135108
-1.0,-1.0,-1.0,-0.418319672134726,-0.11330684756152698,0.04830815512441611,-5.452371548173967
0.1206154423207535,-1.0,0.1264158170592139,-0.10678526923621884,-0.26156346893361215,0.20082668632240597,0.23291459527639236
1.0,-0.3690088357888335,-0.4188488423544185,0.3741650926451113,1.0,0.25708180730704466,-3.6277420785652463
-0.881982380442659,0.06411486792929993,-0.2649708697193669,0.8625683232537866,1.0,1.0,7.637074553810283
-0.7850640752793648,0.1862669046689973,0.0407635847148089,-1.0,0.21002100225548626,1.0,1.675515023342614
-0.27954230323112833,-0.37670599447632946,-1.0,-0.23999895695142948,0.6356020163973749,-0.16372032165701222,-0.8791017278432736
-1.0,-1.0,-1.0,-0.36426200578096846,-1.0,-0.101063826537938,-6.031085403132934
-0.03696671723586109,-0.02774476142793758,0.0647690795034066,0.41704275701844107,0.70268620424795,0.6453524609696564,0.5526801907402962
-1.0,-1.0,-0.32999783532556104,0.006322596281651771,-0.16804350883796848,-0.024452865632586862,-0.5282028363905413
-1.0,-0.17355544291946146,-0.09555473145011584,0.30041282037614947,-0.07452113120692216,0.1345435643506664,-0.117684332230554
-1.0,-0.6790048029979993,-0.1147520395507684,0.542398026703194,1.0,1.0,5.750213267873613
1.0,0.49014111855203163,0.5693905395567194,0.04298151597560526,-0.14502991505386376,1.0,2.5714123913407074
-1.0,0.47126885150593123,-0.9045739272953867,1.0,0.5227070165499282,-1.0,5.763649877261586
-0.8959180127495372,1.0,0.15808436370903756,-0.10448374215870893,1.0,0.757387133763048,4.78383502941794
-0.7554735566268362,-0.15555049198688875,-0.38163894648528407,-0.37753240801868393,0.18752398084295627,1.0,3.6300211951615124
0.5750099666555324,-0.42000360215850524,0.8331367589734353,0.1352267614786713,0.77687756406376,0.20412321076030426,-2.318508231170414
1.0,1.0,0.7495740706580796,1.0,-0.9464813409629004,0.031134620686453673,3.4633708639939904
-1.0,-1.0,-1.0,-1.0,-1.0,-0.5261241497733218,0.5384874783129971
-0.0474202298747759,0.3614713988983884,0.28101340462187885,0.8318732926757446,0.7487346368887791,-1.0,1.5663335323596566
0.24375583597694972,0.936514920690042,-0.46378266989331035,1.0,-0.0651310683021713,1.0,4.875067255976169
0.7295340900393679,0.7293200750492324,1.0,1.0,-0.14545114154983027,-0.037547918251974455,-1.1316876474136317
-1.0,0.7998862513156134,1.0,1.0,-0.12112250524960938,-0.9872164765335313,0.059487013836778846
-1.0,0.3317770520360682,-0.11306784341094533,-1.0,-0.6928887397955679,-1.0,-0.4883096498365201
0.946883884708995,-0.01794118958909169,-0.05889854486257473,-0.8088320430248118,-0.13013694420225067,-0.4757548024735495,0.7121015952382362
-0.09941339508033115,0.024874089429866686,0.13416323533594254,-0.5914414967448919,-1.0,-0.9921201083726217,1.4295325461481354
1.0,0.7927016063403589,0.6375800174931567,0.02892854771405795,0.07011862318442105,0.7674844178434288,0.2337729614977867
0.8379931544824695,1.0,0.6440387667826708,1.0,-1.0,-0.11497042663266388,4.0984331797238145
1.0,0.7983856474146562,-0.017971423125142882,1.0,-0.35233439334051686,-0.6084002297407608,4.708798833890675
-1.0,0.28115561956340895,-0.3546952763301878,-1.0,0.16701034367441278,-1.0,2.9645745003923203
1.0,1.0,1.0,0.49703436660078726,-0.800544702642289,0.3725526265095862,0.7646897730262342
-0.9498179046074958,0.10089567871297031,0.8248822347210057,-1.0,-0.14342698514473984,-0.07083999396832485,-1.5812174418253246
-0.6230025758993178,-1.0,-0.1357041261911166,-1.0,0.03792087918827103,-0.21787201309774984,0.060994352229035986
-0.5759964216690755,-1.0,-1.0,-1.0,-0.002377086664484329,0.2331099358342611,-5.665113879489971
0.3305578053658007,1.0,0.853690511742645,0.5085674557449094,-1.0,-0.39908132127582485,-1.1574522999006789
-0.3062019292036171,-1.0,-0.7088066626870035,-0.8050365001474356,0.8776474623665215,1.0,1.1264037281719927
-0.3096253936446175,-0.2571681488765192,0.6977050823787064,-0.880069273098469,-1.0,-1.0,1.0330364241845402
0.6568506461404705,-0.5803830151939811,-0.008826439604326941,-1.0,-0.9011742557694831,-1.0,7.781668276896463
-1.0,0.6397849477893036,0.18139320007008725,-0.6850402395634718,1.0,-0.36045488164795714,4.224109648239066
0.4408832815048638,0.09591706874245809,0.3508492399299896,0.1463686487862873,1.0,0.18937458482089953,-0.570285943691095
1.0,1.0,1.0,1.0,0.8422547079259486,1.0,-9.441054172947696
-1.0,-0.31943085485385514,-0.02211166673208742,-0.5805271689457421,0.7823768419986155,-0.6224909210700219,4.407253489641123
0.8982374246978001,1.0,0.26464658127008733,0.9458177596361493,0.2045163358491614,0.15774349547274946,-0.821407613519797
-0.6115078166650517,0.24918739597410544,-0.38195267975459823,-1.0,-0.48092804549777624,0.36557804745273065,0.3300544197105623
-0.6097435132074961,-0.20156239449910576,0.04982757424050857,-0.2958915623485352,1.0,0.9554299655477114,3.4817009599252704
-0.2956141482118304,0.6967192396988782,-0.4547365929938677,0.07828491980380237,-0.03985265642474378,0.09164182740673077,1.460037589912941
-1.0,1.0,0.7117046083648333,-1.0,-0.724008394833537,-0.00903564147636493,-3.086476291053004
0.7037078891386961,0.10834752376485657,0.4753446618352146,0.4178582157621067,1.0,-0.0459525565203347,-2.3901131870207495
1.0,0.0733012356240903,0.12013436461733351,1.0,-0.3991457515243644,0.36551568237650217,0.7889897698974364
0.4918202811276508,-1.0,-0.45320535787605876,-0.5256725846579864,-1.0,-0.28758014882792793,3.139238505885606
-0.5896366686423471,-0.8392640666015243,-0.37521938035835656,-1.0,-0.16226287052274424,-0.6072996171036885,0.9784106741029107
0.18326343090227765,-0.5372425006529145,0.70425065032097,-0.8636212909899325,-0.4538270248150822,-1.0,5.295649639146003
0.7169076081612005,-1.0,0.06819125080984567,-0.02664267294923156,-0.3442015159476979,-0.11593570591326963,0.4900899926924699
0.9337215777343959,0.5961667357345952,0.5810791250094096,0.2708679897724646,-0.4291545530972587,0.01784497014467762,0.34653732958339156
0.4726758621393387,0.35434746859202526,0.018827406233719368,-0.08081493449081667,1.0,0.5251438457826991,-0.01052189136323703
0.4600018430254362,-0.9323345119006663,-1.0,-1.0,0.4074529114246851,0.10413953077418295,-3.7989493581924445
-0.553716390571706,-0.35612256923053115,0.0661970715168021,0.4277761568432875,1.0,0.8055975008781889,4.245866872262564
-0.5427241261218233,-1.0,-0.6793800389084625,-0.23978895690699698,0.8206742018120761,0.47196898801431075,-0.7896382701320375
-0.5610335889616478,-0.9050595221223929,-0.6514450847734546,-1.0,1.0,-0.5076322136542764,0.8673541044326742
-0.5972257047259022,-0.12532328460811948,0.6674881987008809,0.8038312978298973,0.2739613086988728,0.5912837654165394,-0.4970189080006026
0.3387397961933563,-0.21469334245344582,1.0,1.0,-0.528318506763227,-0.12416036079760306,-1.0557998724026145
0.6159382954817102,-0.0030503979234139944,0.044507093000894504,0.2406667569921651,-0.502422080418194,-0.5980825830339773,1.6379091388998575
0.7822491464556144,0.39887364030907646,0.8714870835619286,1.0,-0.9791155222893954,0.28417867376717576,2.208653021632838
0.0022450520283138764,0.5548336432523671,0.4813926302284811,-0.2056903099328488,-1.0,0.6069120009650505,-0.06049557973098807
-0.529595791182639,-0.8200004905752822,0.6681160515131284,0.9669223446910301,0.7211772927738309,1.0,1.9487573593578429
-0.27662166887775985,-1.0,-0.6791439202438696,-0.6330293262829534,0.4150518701032375,0.6848114629153561,-1.3566979757738797
-0.341194383049882,0.8480329144091794,0.6520502693412007,-0.4071266943655574,-1.0,-0.4018643730883251,-1.7185946542732942
-0.925327224829845,-1.0,-1.0,-0.554208664450342,1.0,0.5959457553515441,-5.102340957598653
1.0,1.0,-0.6516108478584673,0.07552408224586826,0.7674216401694853,-0.25390408736461456,-1.5661231799006914
1.0,1.0,0.9547923918414869,0.14307873060356613,-0.47692491815924054,-1.0,2.6111897848718946
-0.5565038309961431,-1.0,-1.0,0.32895064838069743,0.188458803043402,1.0,3.896262815845697
-0.914790137007271,0.38610601831025426,-0.5589251763245493,0.5334211124729995,0.7742042408629894,0.6179635727109911,3.1426827924603398
1.0,0.8175446905177084,1.0,0.330733158905522,0.8893456537253162,0.7056896224921578,-6.15007678825046
-0.9402528308433673,-0.04602510613731603,-0.6221675109543914,-1.0,-0.5801716227274231,0.8029993501402704,1.5781432084634661
-0.4067114616546962,-0.31334205234143364,-0.5905560860675032,-0.15702326234724562,-0.22309480458512077,-0.24622514334793422,-0.4913287171794109
1.0,1.0,1.0,1.0,0.82548639557587,1.0,-9.643251204271444
-1.0,-0.4912263800525467,-1.0,-0.8825051225412439,1.0,0.5647375817860968,-0.04914934586390579
-1.0,-1.0,-0.6077509713432578,-1.0,0.35447116891537034,0.06699648265208857,-4.177275190002349
0.3223133032603087,-0.7876501135848939,-0.12724757138809561,1.0,-1.0,-1.0,5.590588155728236
-1.0,-0.04931434430944592,-0.23876825485689035,0.44936546305313346,0.5392142589313529,0.4661444425757897,2.1548285154889144
1.0,0.8756771668555944,-0.4086954843851305,-0.47143430780365486,0.0016825477443573877,0.33156490105120356,1.5539659872845817
-0.48923247602098274,-0.8784950741091511,0.440959333180848,-0.5620069543052855,-0.9827547733074833,-1.0,4.244064543871335
-0.8338043742117964,-1.0,-0.7591004558345511,-1.0,-1.0,-0.8639665355724846,3.9146967541950453
-0.3143833249935584,-1.0,0.7366617333777027,-0.26385086518254874,1.0,1.0,1.5633332617737767
-0.6287883482812742,-0.6319159114766921,-0.14177457133330962,-0.9756390128529839,1.0,0.1853899424718363,2.3164435235842262
-0.7161108512250871,1.0,-0.37975551032589916,0.20551609362122097,0.9588454635585246,0.8060068068214248,7.390661342053706
0.5673921365444886,-0.9610079548248012,-1.0,-0.059358720019261735,-0.021795027784923704,-0.2139160294348247,-1.571644567078445
-1.0,-1.0,-0.19334013613150092,-1.0,-1.0,-0.3319147851959172,2.6489585600790218
-1.0,-0.8043223787126277,0.24758484213894338,0.08318740825452081,-0.07549430948606117,0.19511760896064884,-0.8995825591533937
0.35172547040570146,1.0,-0.38874532650263643,1.0,1.0,0.5123559741587522,-0.3425989041598925
0.5581428825246662,-0.5448039428327681,-0.42814412126747003,-0.015828308033035088,-0.28038176854507313,-0.7083691047802988,0.6449590634230322
1.0,1.0,0.5932286681274404,0.47105332813866885,-0.4817584486031834,1.0,1.6990364612864828
-0.3876877890374948,0.7430214140750755,-0.692685862931772,-0.25705473947355956,-1.0,-1.0,-0.6860434520902869
0.06328487324853316,-0.3324159167763079,-0.38710421657860844,0.4137037579125411,0.7873342750859263,1.0,3.7804108036059585
0.210770768941678,0.08438005792510972,0.1389621265889598,-0.2399025441984866,-0.9891979972711471,0.6877837287072042,2.0286318103894416
0.10904040085446909,1.0,0.6871930207699842,1.0,0.6441514762746817,-0.9876431029257833,-0.9720193073330393
-0.8165055670642966,1.0,-0.03366278270803014,-0.5582181772406641,0.769473909402452,-0.7263490237974257,2.0410455225846915
1.0,0.4507298483101492,0.6799349504490585,1.0,0.3278459933892205,0.5013534230065896,-2.7438224819529213
0.41965105329016816,-0.2007665240947254,-0.8497107590484736,-0.2267684883024806,-0.4731123697054316,-1.0,2.4155275748282197
-1.0,-0.12441908986345346,0.02312414925316275,-0.13120694242389613,-0.46102332146939706,0.41755687996562985,-1.070243296122686
-0.61522448686669,-1.0,0.12066625123118135,0.30874310420341416,-1.0,-0.2097533677723411,0.1599432913229139
0.5685413551691466,0.15221767511603912,-0.6683231198512716,-0.16439040992835496,-0.8707913394765103,0.42236114155123666,2.697703519679917
1.0,0.780951387872998,0.5592122948008597,0.07045984267372463,-1.0,1.0,6.177048110206999
1.0,-0.3936340648975083,1.0,-0.10641102970875665,-0.688432483305895,0.3446140364930643,2.18425695636285
0.3557319485894858,0.39081262406895023,0.4444932554270599,1.0,-1.0,-1.0,5.589748026098043
0.4805089732315925,1.0,1.0,1.0,-0.23330302244753742,-1.0,1.4390314819330121
-0.3113846430946664,-0.7210416785751257,-0.9453533514260833,-0.02158931237419326,-0.7989538235312836,-0.6077091233973516,-1.1639933032210024
-0.10916362176903699,0.37959342621943365,0.5370688815085878,-0.3466252351623915,-0.9559736808948174,0.17690264837210823,-0.9155270801980346
-0.4229376981092323,-1.0,-1.0,-0.47424171553774297,-0.21283792583031502,1.0,1.6761523797809317
-0.5711983045538906,-1.0,-1.0,-1.0,-1.0,-0.2980500228343741,1.013975263896088
-0.21971175791831804,0.2234780973444436,-1.0,1.0,-1.0,0.3886244909146728,-1.3739035416869723
-0.5089806482177659,-1.0,0.2572529927408808,-1.0,-0.9505958435420312,0.585076765570488,2.2436671977161495
-0.23900517432230384,-1.0,-0.3825248396024552,-1.0,0.3316475365483418,1.0,-1.2057360537228665
-1.0,-0.3711577659133567,-1.0,-0.3545579169373585,0.15763394346087967,0.6118027245028343,1.239824072763664
0.8219789116933698,0.30526439737286015,-0.5690102340855286,1.0,-1.0,0.5284135782690266,4.0219061382411745
0.9166808013015495,1.0,-0.32064610149232786,0.23505208620915147,0.5324571969849085,-0.568244209036597,-0.18594469600123362
1.0,1.0,0.903386418027385,1.0,-0.6738113943130682,0.898816385524296,1.1848680031498735
-0.18376469613499063,-1.0,0.03699922135967176,-1.0,8.99997371790473e-05,-0.9371052827087023,5.773084940911074
0.006508241387443547,-1.0,-1.0,-0.05510923689263875,0.039697714240628845,-0.13329904834737383,-2.2311147641333813
0.07272409677049066,0.11180409204718894,0.5746889104151933,-0.23130957284213488,-1.0,-1.0,1.6219749245629094
1.0,0.8377519358415193,0.3139925751718954,-1.0,-0.704511216254582,-1.0,7.262527930266399
0.4023253249019457,-0.26745906433050787,-0.5022488149202402,-0.39288822306069876,-1.0,-1.0,3.1262597042784397
-1.0,-1.0,-0.7350525447785782,0.0666483087275201,0.9226126957765439,0.14808616526949314,-2.3441261594285514
-1.0,-0.4355190320221558,0.5835915938875129,-1.0,1.0,1.0,2.5235035131829777
1.0,0.22645311944496838,-0.5799609083127262,1.0,0.17520577231939033,-0.26135493901272333,0.056118227999511605
0.4808978115384863,0.5417169839241471,1.0,-0.6606297208309748,-0.5862042890702057,-0.8873189568763541,1.600012803251763
-0.7714553701027722,-1.0,0.11826413623871265,-0.9121618226832282,0.48570156983164114,0.0625949311481997,-0.17096261539317775
1.0,0.8748911649144866,1.0,0.9082843019043775,0.02910903566453782,-0.8526191462205177,1.6480590699692228
-0.2588109349917055,-0.051245956077147214,0.8971483495568564,1.0,-1.0,0.061302037342678944,-1.6259972900102992
-0.8090204678370265,-1.0,-1.0,-0.08754243079757273,-0.28384057503638016,-0.7911880234868773,0.4106934594562104
0.21807582411287807,1.0,0.8709389224131483,-0.5270293185537458,-0.33789323941017246,0.6094735542213303,-2.003541541064746
-0.39628340411003427,-0.36614199462848385,-1.0,-0.17229608778162597,-1.0,0.033098107834197976,-1.970258032939414
1.0,0.37959891267779633,1.0,-0.10620732187790316,-0.9617892672653736,1.0,1.8798442026706825
-0.5892057587291891,-0.8509941983893597,-1.0,-0.6652357636602717,-0.6682869679983398,-0.3537672519815561,-2.104873552767547
-0.9566375553031647,0.35356561349812937,-0.863057788942682,1.0,1.0,0.791518856044231,5.173249633109743
-0.3928489736509373,-1.0,-0.6291126889899068,0.12143484638451618,-1.0,-0.013736557255071613,-2.1028478240415507
1.0,0.9010039615254151,0.15191818122816625,0.4695805640813362,0.5356664307771194,0.415331168146873,-1.431701382407468
0.07103262535445576,0.5806939829831512,1.0,0.6839997201980744,1.0,0.13200871534277742,-2.544167846306698
0.21562212566735128,0.26691318133428044,0.8142301635014204,0.314050187689213,-1.0,0.11403458728230209,-0.4154140382152185
-1.0,0.18209938175498364,0.2656399988736422,-0.47030211574914815,0.18889690698671568,-0.10156781014895988,1.0786197927587056
-0.4705225995211989,-1.0,-0.7160695160356034,-0.46630870671705626,0.50836364175349,1.0,2.2073089783161572
-0.2763641814889485,-0.010994434148727805,-1.0,0.553684851809229,-1.0,-0.7670235020149443,-1.5842639536552903
-1.0,-0.07551977910925523,-1.0,-0.1738252294808087,1.0,0.3392288261647906,0.07830879071038971
0.19479056364865843,0.03229365320446287,0.0448858057907231,0.16965631268218107,-1.0,0.5052902071721656,0.439318543808197
-1.0,0.7211910565780825,-1.0,-0.5434745324072717,0.015783879743950402,-1.0,5.6100583313260435
0.7001833528986618,0.8829862913738948,1.0,0.20021139226857132,0.3630798047724587,1.0,-3.2167179575260505
-0.04954821399158704,0.8493156961438456,0.19777178481408797,-1.0,0.028284445968820737,0.14758595300650845,0.5451529803663406
1.0,0.8185020551443805,0.17525920953565155,1.0,0.014653722413786707,-0.6495349567295684,3.0673325760624475
0.5715200994136432,-0.9049142432854406,-0.04265228531982679,0.16438719606698593,-1.0,-0.2781944955623805,3.9310583713303413
-1.0,-1.0,-1.0,-1.0,1.0,0.5380188433445294,-6.39270774112134
-0.6759521079202773,0.9543962614247968,-0.14464731138082043,0.047316125887001514,0.9800591659334057,0.548355967228084,4.410469990813673
-0.3916632386948856,-0.8363413718159096,-1.0,-0.5398123250798088,0.0637318524304609,-0.2077322394048448,-1.1722634760463346
-0.6558362966979694,-1.0,0.24713246330944616,0.05579684994186124,0.9913875786624546,1.0,4.446354410818866
1.0,0.362141289696873,0.2807007536471895,0.07602860942394307,-1.0,-0.014203323207326202,2.752015573355212
-0.1628118560138938,-1.0,-1.0,-0.9219960984408375,1.0,-1.0,1.920744653996894
0.1596528542750052,-0.150927949671318,-0.4834009713706714,-0.4707404724283463,0.730246501526467,0.7891235403596095,2.5822302670657855
-0.761987752190324,-1.0,-1.0,-0.4343901699485231,-0.6220409450321545,0.5842705772330681,-2.9177975171143187
-1.0,-0.6455287151707432,-0.20267899557759894,-1.0,0.7410714555777049,0.1891831363984674,1.1758465561751994
-0.3363829813700882,-1.0,-0.3357314539040539,0.22758054983722142,1.0,0.9811256013787143,4.099287800914305
-1.0,-1.0,-0.16134094701680168,-1.0,-0.5373824643389633,0.22723116669612226,-1.2543061719623596
-0.08041197543579948,-1.0,-0.9041532325358612,-1.0,0.5702769384549993,-0.2446702289843683,-3.9415918063419384
-0.8447505262242339,0.3368650184312545,-0.4567278330938482,0.16970338880530866,-0.14187095282833584,-0.1112828852941965,0.21221708836449488
-0.5363217587464544,-0.28988468786889166,0.17046807063922675,0.3694400994851066,-0.20891835938740333,0.1312816282683673,0.11633824252524178
0.29433150386510776,0.7527740642250723,-0.78447867526571,0.7344402786968063,0.08170481595783974,-0.1779875382597087,-0.36328002058849584
-0.14734866646586897,-1.0,-0.8790039754927926,-1.0,0.022000686642346206,1.0,-0.958210600781735
0.8968951516425432,0.41353913465706604,1.0,1.0,1.0,-0.2626240962304166,-4.504989216486301
1.0,0.24340791615611979,0.059257675971042145,0.8319556717791539,0.3020867951831502,1.0,1.4350130935305838
0.010538234310964581,0.35273550721692787,0.47219383518048397,1.0,0.6728125283292183,1.0,2.6189628547422976
-0.8202033367981285,-0.24808297041610583,0.8843545367325443,-1.0,-0.9799449183818415,-0.18495176214911052,-0.9484526671723693
-0.5475307072160657,-0.621742932924655,0.25656562820432793,0.0699477512176726,-0.3479083664718764,0.7918397268287802,-0.9586897333121718
0.27266899069453976,0.9291472085966903,1.0,0.4982682604552471,-1.0,-1.0,-0.1555980370649369
0.754466507429109,-0.7164219997850302,-0.0341934761404189,0.9869707136371999,-0.9571110946966032,0.6727485582370331,5.324608955790535
0.3751767385756951,0.4349183644915038,-0.8024672291342444,-1.0,-1.0,-1.0,2.310369117413264
1.0,0.44510692998789353,-0.3388033582511407,-1.0,1.0,0.9769940099814272,3.146468032609664
1.0,1.0,-0.7064813457483966,1.0,-0.5869354249988541,-1.0,9.10875685229879
0.7615754052882509,0.27733800943861264,0.9654657364596766,1.0,0.9866416121283607,1.0,-4.9733678421412275
1.0,0.7939004990692885,1.0,-0.22009498907399083,-1.0,-1.0,3.1878576949082555
0.8697708379858826,0.9754339653797672,0.004715393942427815,0.9911632265212915,-0.5666188051012966,-0.3452376907367629,4.7614062897074305
0.13995995973709435,-0.9191890668978244,-0.5663402864204297,-0.6323006970440629,0.02241386213921498,-0.8779324847449896,2.15171552461987
1.0,0.27412655827945687,-0.4301681173114892,1.0,0.08557729924538304,-1.0,3.2574630860184928
0.2728460600730699,0.9436894713081299,-0.90262056194449,0.5266002342168963,0.14041742363083842,0.3197357610184084,1.8516640288125357
0.6208870701299234,-0.3488071952095879,0.3838040777566458,0.11414392119242955,0.13907557883334892,-0.25746035223235314,0.4407129347193026
1.0,0.19880038796423216,0.3867298772684986,1.0,-1.0,-0.6857333613056311,6.3142896620715865
0.7670940519016242,1.0,0.38037347232540697,0.43555027467236007,0.14092757038354242,0.06701282714247925,-1.2727002119954804
0.8848015688601428,1.0,1.0,0.6056553119417685,-0.2674764336289467,0.451468518253741,-1.8090754454045852
0.3341376534540793,-1.0,-1.0,0.43011718621262807,-0.14277295317892202,-0.5072879918592184,-1.8615302562170786
1.0,1.0,1.0,1.0,-0.4996950012222422,0.033204640168088106,1.0637105551297
0.8840770071739043,0.22354149476090812,0.6710888662916498,1.0,-0.9260902784867762,-0.5474582640047227,6.069768407082717
1.0,1.0,0.5153361700940553,1.0,-0.31462198527576324,-1.0,8.111314866348575
-0.5217877663042091,0.8136118820636379,0.056342461382945574,0.48338944720321014,-0.681479744138037,0.08501265913686828,0.2356927475253111
-1.0,-1.0,-1.0,-0.25990865227100746,0.3689559989651122,-1.0,4.113421315254406
0.145671367483743,0.6233114243148128,-0.12010601118792202,0.43913847611078877,-0.5286111680409666,-1.0,1.8938653717249965
0.951182992454546,-0.4262104168990281,-0.7285888448931421,-0.59319763676505,0.11525716277740272,-0.799201139300965,2.0077889950473207
-0.6364100182214456,-0.059418146695623175,-1.0,-1.0,0.9122544182215974,1.0,8.416858066501959
0.43681535754611867,0.3238995008647777,0.03314342395481046,0.257429203124594,0.9358068114657854,1.0,3.219975222875485
0.47947589972310156,-0.13597001806345804,-0.4252638964190446,0.1854385634884906,0.8312038762196541,1.0,2.9697171576107086
1.0,0.376596996121938,-0.13387982564282053,0.19016519702991252,0.5167933156668184,0.6233260128287812,-1.0935800198907482
-1.0,-0.5990499174334213,-0.15857691112772865,0.1047923703293131,1.0,0.5225236443378628,2.209969960018433
0.7587897183898771,1.0,0.441077043714619,1.0,1.0,-0.5470144245167756,-2.0974082936586056
1.0,0.9784513961161674,1.0,0.9544975420255282,1.0,-1.0,-6.1562124669069505
0.13558951273106,-0.8389794974188203,-0.2377759176072423,-0.38364328377479784,-1.0,-0.4466904802183501,2.907026564133072
-0.302683047976738,-0.45629502955665346,-1.0,-0.9130620455615734,-0.23343462486414568,-0.05850805282053943,-1.091609330514613
0.37058686914889866,0.8617910996412352,-0.6478939231114373,-0.20706377823840405,-0.2655595031393195,-1.0,1.6806969115319266
-1.0,-0.01997269576423022,0.43767581486971163,-1.0,-1.0,-1.0,-0.7355753363982775
0.1457155184197148,-0.485116257288546,1.0,1.0,-1.0,0.03499523091173809,-0.1012075257646099
-1.0,-0.4822813048820027,-0.8131197227465001,-0.04373990933556404,1.0,0.16227358510260897,-0.952329504323494
1.0,0.8025624686234886,1.0,0.45544440206984693,-0.013650074433766757,0.8692524904080272,-2.8046667549090136
-0.6736539704497574,0.16392150152624851,-0.3016689408767814,-0.007669755169116388,-1.0,0.5377316005600031,-0.2776003232587978
0.02422688482582719,-0.1262281391094071,-0.49351401331712647,-0.09036277824746386,-0.16399704338348808,-0.22184946457666332,-0.6222054590380088
0.4576328028743305,-1.0,-1.0,-0.29882518288502524,-1.0,-0.16273917586800035,0.7698826532342156
1.0,0.10624683132305002,-0.565896182771835,0.4920416557410531,-0.6217387110176159,0.05666514937868508,1.8836941141836199
0.06313774628690028,1.0,0.4147195294785977,0.9976859926284074,1.0,1.0,1.2745688730297604
0.0709198369741939,1.0,1.0,1.0,1.0,0.05746555128186426,-6.169394324898374
-0.2657695242649032,-1.0,-1.0,-0.14936193714504103,1.0,0.515668928132045,-1.5503160181934328
-0.32409600812215333,-1.0,-0.835437746558735,-1.0,1.0,0.09074706905664712,-4.522942491755185
-0.6025787082491098,-0.1348347058379008,-1.0,-1.0,-1.0,-0.46219179815259737,-1.1466518978675457
0.23282918609247966,-0.611115774030137,0.7397259459842818,-1.0,-0.7867009631938924,-0.523947302516129,4.272064443512257
0.13516431512196958,0.003931460509313478,0.08607504767928487,-0.5973197962073538,-1.0,0.06398355657522137,0.3106508958944212
-0.2614161249438829,0.46366122050417835,-0.04665203604868584,-0.9715378135382973,-1.0,0.30050784686798615,2.112455089813653
-1.0,-1.0,0.4465441456343193,0.04257569998343358,-0.15433662258907888,-0.45128724877865345,1.3062391179606285
-1.0,-0.26557768906605894,-1.0,-1.0,-0.40599065257196604,0.27697080037231236,-1.9808751363776924
-1.0,-0.536834427490104,-1.0,-0.04591387951035117,1.0,0.9069278235624546,4.593244682942101
-0.7237300585088378,-0.46036243456853443,-0.2322215079828282,-0.7103927750609209,0.4230619212068992,-1.0,6.226365568059874
-0.09347073953691964,0.25166067602000425,0.9501931605065723,-1.0,-0.8542174170156029,-1.0,-0.7601477333551057
0.011099737942022792,0.1781729688091428,1.0,0.47015445968881203,-0.4498958584739359,-0.7020662110446838,1.1757139660596416
-1.0,-0.8349493219991968,0.11780082162481428,-1.0,-1.0,-0.36249216277861135,2.8932552078576457
0.34089405610579093,1.0,0.6906892179330488,1.0,-0.3897302667775522,-1.0,2.6058079031582393
-1.0,0.6262004820385767,-0.7340315823726056,0.08335349986761675,-0.9494760990454165,-1.0,0.17898207142663602
0.0567285699800158,0.07731194588585683,-0.526124009476008,-1.0,-0.9963208690084915,0.17364993673357532,1.9164669227425588
-1.0,-0.829879637029189,-0.9596350627515475,-1.0,0.620048573349658,-1.0,3.9353534985162963
0.22861865927577663,-0.1567479237250724,-0.24319135937446246,0.7092269912720128,-0.32952745836713443,0.4377382537096205,1.0745749164564145
1.0,-0.3113749195477373,0.600431955985661,0.2993269486030429,0.5541653579528812,-0.28650342319721667,-0.2378049964430794
1.0,0.9088740120286785,0.3865465990320045,1.0,-0.47232373155573837,0.8755857227199293,2.906522543755706
-1.0,-0.5921050723425578,0.2583995344964196,0.5274631336849873,-1.0,-0.06831507922727753,-2.324334587623169
-0.34635456056315594,-0.8713589643513402,-1.0,-0.5254706263537257,0.6573386958155376,1.0,2.61817256294555
-1.0,-0.7488146359511276,-1.0,-0.34535555223292747,0.49305449901362886,0.018988026502462507,-2.592032424661388
1.0,0.027958766087208486,0.9585109573258985,0.7457210921740774,-1.0,-0.7186943885231646,6.555321406469673
-0.5389150688339752,-0.6959546045120392,0.339749356395705,-1.0,-1.0,-0.39981426309293044,4.316343132831269
0.6822700203379104,1.0,1.0,0.3944367941302729,-0.14459154807409424,0.2613035868953735,-3.0692524167076245
1.0,0.5723972560099331,-0.9104895146086023,0.7227805648609533,-0.5567957386577044,0.8826053929983063,5.632785473886499
1.0,0.15344399224544247,0.4661548897490626,1.0,-0.9328357659246336,-0.23851131896182587,3.8040643358846093
-0.19568113434851864,0.8113709764267408,-0.3151432157371763,0.4973938587268595,0.40366073527406804,-0.8954184198989967,2.2922657936961275
-0.3134744247936101,-1.0,-0.9479905350118952,0.18943313179271754,1.0,1.0,4.7620180331236135
-1.0,0.18815319194301522,-0.3289839668238469,-1.0,-1.0,-1.0,-0.10787165295035617
1.0,0.08595544641308428,1.0,1.0,1.0,1.0,-7.144139663818099
0.3451566752101607,1.0,0.3176046904641735,1.0,-0.16174123468180024,-1.0,3.810082037964002
0.06678521669572475,-0.17677650896401664,-0.485366983821391,-0.1436175172812931,-0.9934905510462699,0.16812237461242202,0.5931437043468298
-1.0,0.3066310722052628,0.45402696616775584,-1.0,0.480159579663225,0.07830136929306442,1.0642493515831324
0.7747751308602372,1.0,0.5200828068992281,0.7795074515348404,0.06307773770256464,0.3228351959463645,-1.4092906835058256
-1.0,-1.0,-1.0,-1.0,0.89266716673281,1.0,-1.5304943463716252
-0.4378181624943682,-0.21826499752380857,0.18371046645484512,-0.6721159904097456,0.6629327424044688,1.0,1.472892399146716
-0.6747247507454628,-1.0,-0.08306601374880407,-1.0,0.4240785112558947,0.8553879452449786,-1.8694345781722392
-0.1306342899933962,-0.1093023183451477,-0.9840139063689428,-1.0,0.445998206270881,1.0,5.209571640447167
-0.6637384720516172,0.3814496957339427,0.5859196464732436,0.11246834265615369,-1.0,-1.0,-1.3756903665542506
0.22149486354854353,0.6851963740189209,0.15007052138188115,0.07751537548798262,0.9858738088687051,0.6491172825727617,2.6369179793021598
-0.035823113669689266,-0.9654907510060733,-1.0,0.07740828307285713,0.19923060949941804,-0.8113136887034893,0.8657639181949317
-0.6198287319357438,-1.0,-0.3380676818247128,-0.1357261676173407,-0.5536051787986519,0.1756002652807167,-2.3693804620422956
1.0,-0.722680821227011,0.29960948535320175,-0.22929676506122465,1.0,1.0,-1.1115154306381925
-0.0021886745197597923,0.025047784168347187,-0.547953288759097,-1.0,0.03057361428237143,0.2525477887290114,0.22067119999770546
-0.8595512554374962,0.3344474463784577,0.20526578678448104,0.02414873739116208,0.11221795577749677,-0.6802823825490383,2.661570600857128
0.29887831921892466,1.0,-1.0,0.21113418559661112,-1.0,-0.5706586957924191,1.75825666485966
-0.2802450464751627,-0.43899670064964363,1.0,0.24422283343984724,-0.23720460937684174,-1.0,2.710638319584448
-0.9921809477710715,-0.9103087501711514,0.6856797639593796,0.07697025619852249,0.98366141805787,1.0,2.580204015567798
-0.9340123911297711,-1.0,-0.039444028876277404,-0.31184634267403344,0.8100885770944568,0.8831714936970152,2.731487125633975
-1.0,-0.4169478440780623,-1.0,-1.0,1.0,1.0,5.834737626083791
0.3223523008788709,-0.9034366374754456,-0.1173732371371537,0.0024203290727554116,-0.528929606727399,-0.09418823407347254,1.0726932382732344
1.0,-0.14390987517631176,0.41445996050294,1.0,-1.0,0.21965577515930512,2.624360276552271
0.38012378478491626,0.14973523004892875,1.0,1.0,-0.5831151519777679,0.5878071552813297,-2.6326048867798573
1.0,1.0,0.07609948431081093,1.0,-0.6004015411245975,-0.9517676755944131,9.379188494227161
1.0,0.12748701769029813,1.0,1.0,-0.5986117699709429,0.23380313010500714,1.7512113555230293
-0.6709534032311351,-1.0,0.7200708145151975,0.36681824243767464,-0.7035331525903319,1.0,-0.7458064610129489
-0.2928996550145546,-1.0,-0.9756538380538059,-1.0,0.33283578576216755,-0.05763193833930123,-5.313437805709245
1.0,1.0,1.0,1.0,-0.616828785200302,-0.34628735268176924,3.6719550099314966
-0.248460094767457,-0.42793859351865826,0.6753184148567366,0.3904396497354984,-1.0,1.0,-0.22208528821248769
0.27794936667873515,-1.0,-1.0,0.38049351516093693,-1.0,-1.0,0.5602749925765627
0.18049760096528855,1.0,0.21292313744679764,1.0,-1.0,-0.7999893689517514,4.672477792368796
-0.40960697902443816,-0.1915880006430395,1.0,0.7970480735709184,0.23920418473230198,-1.0,1.1035930069922888
0.33954926302300525,0.2038695773210622,0.5096215599624512,0.5256417205098585,-0.40277506220550063,-0.9017784580434064,2.573420266849782
0.24475845414023234,0.26973160414283814,-0.015421155620213844,0.230117831228825,0.17175140795903554,-0.3140243579264385,0.3290059264293619
-0.4941987400292265,-0.12573568577440453,-1.0,-1.0,0.3857633556167097,1.0,6.887093268730801
-0.4572436888500698,0.45134574830841434,0.0714262362431276,1.0,0.7253349915466207,1.0,4.008411543149233
-0.32437009109955395,-0.02899668352868412,-0.22907822139748624,-1.0,-1.0,0.23814633990043999,0.8842251492671753
0.7225967983246369,1.0,0.6021285710240633,0.385466473002429,0.16053021105383924,-0.9804642048403667,1.1862294257894603
1.0,0.5319465687792597,0.25919489674006063,0.9958249637146874,0.7403478783592883,-0.7353910661071513,0.27831108195917165
0.8456546285242788,1.0,0.18314500168486325,1.0,0.5519479430671792,0.8703611267900204,-0.8249394025359504
0.33581620238048693,0.9157044385320161,-0.6947111495826587,0.11218898325739801,-1.0,-0.43815079047550776,2.030637765738197
-0.7010134747096941,0.8204225943175544,-0.2934889243315788,0.10540732722175722,-0.8506131375687633,-1.0,-0.6384026910584094
0.3343124721340298,-0.06736441380480673,-0.24988356724698416,0.7359543181498215,-0.583099901878121,0.10817712729368645,1.5833028590456788
-1.0,-0.7863499330112838,-0.23516594952391023,-1.0,0.7834593682094093,0.43505013299184314,0.5713023753921282
0.13663414905269988,0.49323134475051233,1.0,0.44073230273005237,-0.3491499679452083,0.22116334234458396,-1.1011675361363689
0.163473098708787,-0.9703141450033812,-0.6321881848375153,-0.9850648356263187,0.00019950508336544215,0.4013871530377679,-2.5336204803471256
0.7671422013080379,0.062443234601692765,0.6244855005205395,0.628759204853037,-0.20091314628431872,-1.0,5.224859622520881
0.5307217430523539,1.0,0.26189289444520236,0.25997490707608695,-0.40610260803566034,0.7491681946129168,1.7811937758523002
0.2930006375406957,1.0,-0.4627162873938835,1.0,-0.8176456238053518,0.931356686058679,6.212234528467783
-0.9529735504156468,-0.5309024482588083,0.676174169653441,0.106592047394168,0.7031948084061772,0.4614059498404861,-0.02259440246972999
-0.5695254761929565,-0.6337886081928683,0.30377190994243297,0.7266994612228643,0.12194876538102684,0.05323888627655493,-0.022035323052346276
-0.8927037667024925,1.0,-1.0,-1.0,-1.0,-1.0,3.2482095899093224
-0.9599535047459065,-0.9220980767914609,-1.0,1.0,0.18087435777759858,-0.18771609864695837,-6.045325154028118
0.476748611421625,0.715663858322205,-0.007122362959792794,0.8319219221510474,-0.9987497136633846,-0.06199557496621555,2.340059168050068
1.0,1.0,0.30811455828819057,0.563708763783825,1.0,1.0,-1.25566004791747
1.0,-0.060906599739051104,1.0,1.0,-0.18747133810791156,0.20234139122770267,0.5732767322750199
0.1844600139190602,0.2975512105695859,1.0,1.0,-0.16095753047784833,-0.8393115002854077,0.9034190530426389
0.7499572562848702,-1.0,-0.5942389306481772,-0.2863277666579339,0.32233193716326475,1.0,-0.798594174264762
1.0,0.3488459299924933,-0.739535131512289,0.09831617037018509,-0.19967623884483343,-0.5061000116363823,1.4646117848299198
0.13887764438756212,-0.7813598446005372,-0.1732356094535522,-1.0,-0.05948660226446978,-0.03711817293216324,-0.6528176124354276
1.0,0.8234837882601875,0.08177647437498625,1.0,1.0,1.0,0.3554815792913521
-0.9220247611485218,-0.37397640292983425,0.1757302604584623,-0.2595891026756796,-1.0,0.3509515773194077,-3.1386913870392106
0.09208277235534024,1.0,0.5677967068289322,0.11796356787559142,1.0,1.0,3.569390658601087
-0.02799606707760982,-1.0,-0.4241087725888317,-0.06304731505630723,0.5277875754497378,0.7934960873482917,0.5667079033563978
-1.0,-0.8616455914312335,-0.2558653889578595,-1.0,1.0,0.05622681382092154,0.20645511679810458
-1.0,-1.0,-1.0,-1.0,0.9932810888303057,-0.32827531693485423,-5.986687681435856
0.07101125326557067,-1.0,-0.1290848111673956,-0.04171915421859945,0.17900565522351775,0.23491591934604023,0.22574339345037142
-1.0,-1.0,0.9136953789714184,-0.545430251721776,-1.0,-0.7727064115262466,3.975500358080056
-1.0,-1.0,-1.0,-0.2841405266920516,0.1996099543133656,-0.2373103826409056,-3.787274239485481
-0.6668623648235545,-1.0,-1.0,-1.0,1.0,0.6721673352861561,-4.727738959726751
-0.6234806754089126,-1.0,-0.44642913764511627,-0.5866458779099473,0.7906441952981281,0.5735373854652995,-0.8700451172976167
0.042885760055123456,-0.9063210802624189,-1.0,-1.0,-0.040866329966532056,-0.4200636790051513,-1.2017182114178109
0.6966791559283472,1.0,0.5639110270774959,0.49524971493039893,1.0,0.7680771022478101,-1.025150665816308
1.0,-0.3219800296827824,-0.054018106561582235,1.0,1.0,0.8724560264997236,0.47514754107401447
-0.059083059411211114,-0.4804273942006364,0.20897587127672893,0.6281011961055833,-0.7982817812506702,-0.6009996399086168,0.9664022526686434
0.40930328214907763,-0.2866838667476723,-0.6850219373027282,-0.45699034532718064,-0.5181489521478992,-0.11262993058659543,0.034845166031590935
-0.24568839956268695,-0.5187993165705078,-0.7779042599355601,-0.5093181304117176,0.941959733472916,0.7695143343048163,1.195600138088493
1.0,0.7702862901650154,1.0,0.1685875546223934,1.0,1.0,-4.968088948538047
0.32634350902792625,0.7358835038722662,-0.14155530531085048,-0.6692386609748437,0.17183712876357599,0.8721191692166564,3.8704120670272815
0.5884607000745008,0.0875553476479769,0.4478904566745601,1.0,-0.9419933298483786,-0.6490085483746667,3.712740016382304
-0.05811392151131767,0.3727555845479993,-0.1129178518949544,0.6453639547482021,-0.014896467408808955,0.8790157124965245,2.7838453438446105
0.6651614107661721,0.23096579333555073,-0.22575385784075624,0.44657813747108666,0.3358439908094193,-0.07001305366272718,-0.7279129437607863
0.34986678814217365,-0.26378566847664464,0.05804394599744289,-0.14174435144082437,0.31042159770485656,-0.5675519473626046,1.3736261336349038
-0.03383998529626503,0.8150306279155801,-0.18783681960435383,-0.03462157225290641,-0.1846610187952029,-0.20866871900527872,0.41694517786658525
-0.10242387681667542,-0.2968176963313244,-0.4242269583469189,-0.7347199168135692,0.9686568424893349,0.7259333024270098,2.09293580118798
0.021153553754794885,-0.41241009389108263,-0.8987620571116708,-0.11906356860125288,0.039182986219704063,1.0,5.877626402082578
0.2581670961871921,-0.3869469635656191,0.5359441037715469,0.45102352368753695,1.0,-0.10876503896803404,-1.7288610758064755
-0.21572008256890635,-0.5208968839712855,-1.0,0.8203652737799322,0.9592332309332502,-0.9467454563114146,-0.5003430327698979
1.0,1.0,0.5134865249984009,1.0,-0.18431916120460612,0.21880251218255553,0.5374557049442621
0.1407980542615137,0.25637272665232436,-0.09763819785648908,-0.13932906337928574,-0.43477195084309517,-0.0033650882120851433,0.32315209956680424
0.8291823602944407,1.0,-0.029643931585619704,-0.40700123383282316,0.5076068272207701,1.0,3.3474232818049896
-0.9016524779119027,1.0,0.2699819415701482,-1.0,0.3038454147594332,-0.4669806492799513,-2.121246854509029
-0.18515381266533157,0.4183197405522095,1.0,0.2039817619336397,0.37676567884563106,1.0,-1.2398834059621398
-0.9534063298907242,-0.35866121768308856,-1.0,-0.7323933131023337,-0.2016722196619689,0.7705001466061666,1.674946095079019
0.8973461899320225,0.15822142493331848,1.0,1.0,0.7457112627151378,-0.39996288235518174,-3.1541794768618026
0.6412077932441895,-0.3142415685431988,-0.25216242012661494,-1.0,1.0,0.21933065795786139,-0.17348534644822516
0.17158597997996639,1.0,0.8666700400079008,0.3427123066166447,0.3845229943670856,-1.0,-0.32846295150403415
0.9007820375561871,0.14036962770332523,0.23673697583764824,0.7620210199361336,1.0,1.0,1.018142448667334
0.2985977272758129,0.546217505938575,1.0,1.0,-0.2923990101223378,0.6701393448832904,-3.4305053090363335
-0.6107572444821198,-0.5299388517145334,0.06009383875619401,0.19764639774596401,-1.0,-0.6040796713812087,0.20709575346965114
0.39617300934749955,0.5040643952317729,-0.03649345829790002,1.0,1.0,-0.3373425119946065,0.7841767881194204
0.16120753060739346,-0.10925466579673482,0.9241309809466876,-0.2870820396601089,0.17966463391347953,0.11604411115828173,-0.9867238747629564
1.0,0.11936595512902354,-0.8587111187790231,0.9415557724444971,-0.00416446867520931,-0.260503844538976,-0.5830239243787207
-1.0,-0.5386318599246223,0.9584541401275637,-1.0,-1.0,-0.7688216387956112,1.640053614059442
0.6379247810463622,1.0,1.0,0.2901724349415218,1.0,0.12030351472116241,-3.5240373606612803
-0.6930288210441058,-1.0,-1.0,-1.0,0.7636753480066132,0.21043210685100044,-7.166421971570998
1.0,0.2537778196176732,0.5855166656208568,0.6966493564729735,-0.4888358194069917,-1.0,7.319271936301237
1.0,-0.08642400475581757,0.32293604817828125,0.28811713370297454,-1.0,0.2960443657772045,2.6144179221970285
0.22992621451067263,0.4332702936255983,0.12022692639184851,0.8716346023020785,0.43146824952789364,0.9887428595142504,2.996097554991355
0.24388703709508724,-0.3803625151368105,-0.41987613731805107,-0.5285580790940265,-1.0,0.2594459355810338,1.5891564428426523
1.0,-0.024041213943088113,1.0,-0.1652824966565138,-0.06550967506022587,0.2487837430240956,0.345445940831147
-0.4865410324790569,0.3127106218029152,0.34104009610911645,0.155800109730296,-0.927619108872761,0.7172646388282723,-0.8853984238866948
-0.04338304099965096,-0.2653228053735883,0.21401564215480284,0.1944205444553452,0.22840264717589526,0.8534384550099726,1.54820119487815
0.2505072000432794,-1.0,-1.0,-0.6388738493064082,1.0,0.07708272147597067,-4.237874967827188
-0.7891236418047682,-0.12467040651183325,0.325606805856285,-0.15067242631335553,-0.21845546592490284,-0.8627484858408672,2.0096387629037347
-1.0,-1.0,0.6420294989848353,0.8613034366010113,1.0,1.0,2.7812823769716264
0.6392224290704484,-0.5274600676312629,-1.0,1.0,0.5838162269533962,0.39036685693200984,-1.935294541929494
-0.5534102077761318,-0.49057392854451676,-1.0,-1.0,-1.0,-0.4746771786783909,-0.2015260080847458
0.3914003626237869,-0.11823781278507955,-0.23681381200285043,-1.0,-0.9106480200767445,-1.0,4.8026296542996345
-0.04015211487635578,0.695288141156033,-0.1414725210122324,0.14919146193648952,1.0,1.0,6.119436763565092
-1.0,-0.6683454324432558,0.08664882052665021,0.17405658930184442,0.7669039875641015,0.4849566876953248,0.8253970970943436
-0.6165190739217572,0.33554374278709354,-0.17461316123275844,0.3765457768672199,-0.17760612027210082,0.4060664159264948,-0.3505547236892691
-0.4296081745449013,0.7342163102140417,0.8641953402182705,0.4307047048482118,-1.0,-0.2283577633348265,-1.7977253330943372
-0.3000293466808216,-0.22850899854201331,-0.9740610870569529,-0.5417484654515736,-0.6931458762683322,-1.0,1.8878173840561374
1.0,0.0067690428670910685,0.26476917326232463,-0.19481505222092393,-0.954160366935369,0.23406927399202243,2.1915188377350625
0.47369908183937415,0.6314291752975991,-1.0,-0.20138643703745798,-1.0,0.09772645843638894,1.295915966780418
-0.6760570915088473,-0.04640632455868424,-1.0,0.6322405184265405,0.5421483150406821,0.46401927569986257,1.6191877435721216
-0.3733145635699802,0.7270006472232585,0.0864974845915027,0.7141110205843468,-1.0,-0.31626279191097684,-0.8237064310098919
0.45283393910274555,-0.3302197291664519,-0.14171574111352378,-0.8392347188517114,0.2148533907353566,-0.7835325980332988,1.9034207001700745
1.0,0.4801841648937686,0.8618342969219749,1.0,0.5524177151794761,-0.4892686153708049,-0.27418952312165845
-1.0,-1.0,-1.0,-0.49055959439731867,0.35224657195829157,-0.7371592592488845,0.6679526349389178
0.32643003357459155,-0.3634908066072129,0.4117340902504749,-0.11881000068046871,1.0,0.3144091644675089,-1.2924265720519301
-0.24166276018486,1.0,1.0,0.9646421265687792,1.0,1.0,-5.892644553147886
1.0,1.0,0.8663116151610759,0.003084072899138257,1.0,0.20200037217220324,-4.761248106248179
0.6313584933554351,-0.3392787317403232,1.0,-1.0,1.0,0.8201990889872453,-6.2489611964091445
-0.563840764829852,-1.0,-0.6617576127513183,-1.0,-1.0,0.8692966931122186,2.9136829135287217
-0.6524511006139313,0.19924534473886168,0.33128060582554697,-0.07854931366398486,-0.6402800493611587,-1.0,-0.1537488972634593
-1.0,-0.9808500233946358,-0.7270922125813302,-1.0,-0.3435449863576204,0.03408564009398349,-3.49898083072321
-0.19349205913474085,0.8014662186180864,-0.3742335358220266,0.44891245799593155,-0.07967732780661033,-0.35947201282438135,0.6245636564578326
1.0,0.5201584812359124,-0.7599345062557771,0.3308792667937295,-1.0,0.3098932039610034,4.663928170230307
-0.8451838041700865,1.0,-0.21273647691191805,0.6416383075718195,0.3098168434914038,-1.0,2.941050312561784
-0.7227628695626752,-0.3040674208030376,-1.0,-0.7089383582533026,-0.4364663690157274,-1.0,4.2673673368200795
1.0,0.4890065338305195,-0.19795481231357587,-0.5051550246168216,1.0,0.7445609786606415,-0.7209343603219106
-0.7669960768417903,-1.0,-0.1873797369471133,-1.0,-0.2551931434681593,-0.9606368881242435,4.298500961293298
0.29274345717244366,0.35935503373682515,-0.11779277204210836,-0.39794830077363647,-0.14185052573565193,0.3664834779742298,0.13077772632162998
-0.6605929130489773,-1.0,-0.3166910805431152,-1.0,1.0,0.04354994838810222,0.07823588410038984
-0.5130340124457815,0.03148946771373462,-1.0,-0.5494445357552521,1.0,0.6488885782801173,2.9358201677221993
-1.0,-1.0,-0.27658973599188474,-1.0,-0.6016292804088388,0.2657856251122167,-1.7152012058727453
0.8276197043497338,0.6316423197396738,0.04913841184666366,-0.25278413459652105,0.7007452135696458,1.0,2.467031746582054
-0.13269485905136497,1.0,-0.1274210218825806,0.6592160879716615,-0.5229592247819297,-0.03805919347125475,0.02835203571783429
0.7389741467052645,0.5722829698270064,-1.0,-0.6049673336740908,-1.0,-0.9307114410481789,1.8864595660226628
0.8148778508357528,-0.5698657382668075,1.0,1.0,0.023155928205813914,-1.0,3.0838392005742756
-1.0,-0.38071217723926787,0.1993050119491293,-0.39154385117034274,0.5628799280072224,-1.0,6.535939445770745
1.0,1.0,1.0,0.19739030372412358,0.520844295882154,0.909602392596659,-5.576721265920026
-0.9313617641437112,-0.05808568867304764,-0.9574385668334036,-0.335902174425738,0.15166008934530986,-0.4788274001904279,0.8150853520375314
1.0,0.4743475407360004,1.0,0.3055068595328032,-1.0,-1.0,6.925092388204658
0.5164421875932906,0.45209779976502573,-0.9205185360210922,-0.347389546349458,0.31222834677310013,-0.07777841919041789,-0.35811609891225404
-0.13195673716803683,-1.0,0.9164980007369733,-1.0,0.28990650595059736,-0.3960383362005549,2.0080049179879893
1.0,0.8264591363482805,0.4848979570473102,0.16332795912450515,1.0,1.0,-1.386374686842288
-1.0,-1.0,-1.0,-1.0,-0.1915870767145028,0.20860044839761868,-8.347804046691317
-0.18318424034672542,-0.30533494089012075,1.0,-1.0,-0.41510886234655087,-0.6778886039639072,1.812479551195476
-0.16300144650518789,-1.0,-0.19043607081242697,-0.07636365544577994,-1.0,-0.4179597047038227,0.9229035623469645
1.0,-0.34255174181410475,0.6898366069982204,-0.2654215172321692,1.0,0.5980640784680182,-4.143725617569277
0.8917167551216434,-0.06033614160696624,0.1316655147354694,-0.7244432895740522,-0.009639063243183477,0.9109388295126871,2.011268060711824
0.9293706741377024,1.0,0.008984024751835906,0.022480269647659146,0.3309039233287813,-0.7452047382062337,0.31513964191080296
-0.3323815013555068,-1.0,-0.4948238713824572,-0.5303092535477469,0.4707395085838715,0.005553978133467252,-0.532166408839852
0.14549724362174637,-0.26316490003848925,-1.0,0.9450721361395698,-0.8138421811513015,0.0008510807646224805,-1.223798638335524
0.12781125833285278,-0.2895239686385206,0.4896035340208005,0.43181734108541536,-1.0,-1.0,3.1669299780419964
-0.14968795550632705,0.29266108817154707,1.0,0.7018332173832772,-0.5825000886133358,1.0,-3.038784249614325
-0.5146454810639483,-0.9682574155377388,-1.0,-0.2545959902083186,0.508501960759404,0.010093410619603893,-3.7089281722809777
-0.8581092645424494,0.06845531412771427,-1.0,-0.8173797187850117,1.0,1.0,8.383421004508087
-0.724027123663034,0.16704135729426428,-0.6888558153956256,0.11180800863810791,1.0,-0.5600112393347456,1.6927231529130868
-0.5347019224750247,-0.10274586962066096,0.5989048104073342,-0.5959730074243451,-1.0,0.26384131352240237,-1.9680447397233065
0.11253362848490484,-0.036313754294373723,0.2904808125681922,1.0,-0.052522494105583434,-0.6732445413611152,1.596188642512306
-0.9589030218339107,-1.0,-0.7976406945693402,-0.17189584018947168,0.40077002025404396,-0.827175669203728,2.816858004494796
0.6324522934231368,-0.289699814925286,-0.18227619410989043,-0.0682518997849817,1.0,1.0,0.9305228693162175
1.0,1.0,1.0,0.6165557940188597,0.4390309203210664,0.2744329024989144,-5.038014349726493
-0.3908915160248221,-0.08797815825431776,-0.715540899613082,-0.5124494563523108,-1.0,-1.0,0.17704401325930028
-0.6570884497975085,0.8300038186915477,-0.14595129636600723,-0.5666800094279636,-1.0,-1.0,-1.3605856970640722
0.6501695340414279,-0.37372382592766934,0.12928741357053797,1.0,-1.0,-0.9105217651824455,6.739899179888292
-0.614696308190831,-1.0,-0.43613179111891986,-0.8609369591446006,-0.7417474313224721,-0.8714997856994555,2.935028115843894
-0.709175377118652,0.8344873758187071,-0.5637935443285584,-0.9126844972225026,-0.30721833330132564,-0.9715404553852481,0.6973920735861503
1.0,0.4145471260209735,-0.14137092085172764,0.13223160789129684,0.5657054466457039,0.37704068631932625,-0.6751742180255715
-0.046676898325131805,-0.6282607317931492,-0.6090160383134404,0.8225593108588114,0.5567567134994715,0.1814637848408569,-0.25541562920220623
-1.0,-1.0,-0.5888910860910208,0.7295208223809544,0.020808926931961153,0.13569487713470996,-3.0429039882661137
-0.8049037811049593,-1.0,0.16635176206950797,-1.0,1.0,0.7726982316720483,1.6847019759922262
0.5520398796826008,0.2275834902218794,1.0,1.0,1.0,0.5847752011523673,-4.385448611483284
0.23234943401073602,-0.1169319525271928,0.1661418375663808,0.2663554858647168,0.722967852218792,0.3498923674850991,-1.1752550021542836
0.5507865858174315,-0.8665061857267538,-0.5366798229231015,-0.21891841573108883,0.3780337537564822,0.3091544651221938,-0.7595024009115995
0.5481920353728282,1.0,0.4542139250516878,1.0,-0.4180678489441987,-1.0,6.025174443936365
1.0,1.0,0.7267428324999488,-0.01725962459169561,-0.31244425838275336,-0.9236536605829717,1.98621539850279
-0.01909219751624569,-0.5562548335957995,-1.0,-1.0,1.0,0.13081563927195416,-2.6661437428052093
-1.0,-0.9547343859079078,-1.0,-1.0,-0.2487063617369873,0.30258188221180293,-6.400942258814169
0.7037930138226176,0.16513084748685547,1.0,0.7909390031503742,-1.0,-0.042801506369697706,2.750090452804624
0.29733310755405773,0.09740388744133321,1.0,1.0,0.7538534736251529,-0.20858059502224247,-2.1383111290142724
-1.0,-1.0,-1.0,-0.2691447092072493,-0.6189167708360808,1.0,0.7873236540103734
0.36897162359351987,1.0,-0.2585428997571433,-0.1319598421692919,-0.1336063800255158,0.4011132054525743,2.168539353250508
0.641685287603533,1.0,-0.0669856162987506,1.0,0.26843264186038085,0.9039308840197464,2.140575077367317
-0.10421984931281852,-0.48898946045798386,-0.9474740011617777,0.6180273000896164,0.35287142033605146,-0.1649370904402969,-1.6185707771287088
-0.5756445493235014,-0.40680495340792344,0.21380507316266728,0.4784363903159683,0.7698963683515956,0.540338879233079,1.4209068658717272
0.33601629487446455,-0.22263556697861558,0.5419007245864782,0.2938219571146552,0.61331672521717,0.42730099104080993,-1.3067920085915365
0.487470298855742,0.38651681937391436,0.9428685974479849,0.053996177020394276,-0.1602938969687351,-0.005048694857192226,0.9188583977335903
0.9965345641194221,1.0,1.0,1.0,-0.046919374580287956,-0.2597678283039625,-1.0096479132947696
0.14995327815194215,-0.4579168863594809,1.0,0.45573048347715095,-0.8035495385237181,1.0,-1.3078021328415939
1.0,1.0,1.0,-0.1761347913908048,0.8430528096138009,1.0,-4.70185777353808
0.8601296541283449,-1.0,0.9864900421005581,1.0,1.0,-0.24777952811519904,-2.0568851482710198
-0.564626917053179,1.0,-0.2254121693524892,0.41549562027152104,0.7159314679153213,1.0,6.374666261602919
0.9043088528098231,-0.718759473287517,0.6556264135576675,0.43153971200992436,0.7665889309213998,0.7420615447323677,-1.9171007951529597
0.38435841823690087,1.0,1.0,1.0,-0.8252395213046376,-1.0,2.7687933614403555
-0.2654905819713791,-1.0,-1.0,0.11844115351014461,0.2996506712069036,1.0,3.5748026430331086
-1.0,-1.0,-0.255958832720693,-0.38954506954343815,1.0,1.0,3.863429800119652
-0.016127863548031085,0.578269545163532,-0.49745848804353365,0.862382186973313,0.6076355549227472,1.0,4.6611620620150225
0.4711346641329257,-1.0,-1.0,-1.0,-0.635401678850637,1.0,5.510233968537059
1.0,1.0,1.0,1.0,0.015539293456819092,-0.33605302070619064,-1.2806810884083824
1.0,1.0,1.0,0.7816729028702065,-0.21134361057824058,0.6135873314996083,-2.501912261664446
0.4535684402586788,0.7354740690192436,1.0,1.0,0.12740884864027063,-1.0,0.2913572811948921
-0.6574486965234296,-1.0,-0.8301977941266315,-0.21305826144369866,0.029837579498130207,1.0,2.710798642161146
-0.1462083249690087,-1.0,-0.8012486636817222,-1.0,-1.0,-0.7926501286815562,5.276892335621987
-0.1352980451434218,-0.9363221251917542,-0.7982714131575028,-0.6849027964102214,-1.0,-0.6877005795921878,2.716114654828485
0.5168084021227355,0.9479809079980204,0.04736273476885233,1.0,-0.4664864069637631,0.1172375612173936,1.2199731605827844
-0.6936131402353896,-0.1932549079029363,0.3568285440374925,0.026309566524449934,-0.6768536566010975,-0.6117307123798292,-1.2645495331976018
-1.0,-1.0,-0.8507021655716762,-0.6857001421451087,1.0,0.32529966240958735,-4.308464028497148
-0.1963997668289862,-0.8402719767678357,-0.6615560066435628,-1.0,-0.22095984766422172,-1.0,3.6544214821347736
0.12851743994978382,0.7924474846122487,0.9002373541197077,-0.18861326971802606,-0.4612414403006363,-0.6165970928334213,-0.8414874972258926
-0.6056205607930988,-0.6036977742425332,-0.8713968964749091,-0.35014730156994944,0.4518684235322679,0.5120100902785802,1.1707124342557471
0.8801969111154457,1.0,1.0,0.5125585162551682,1.0,0.9162550615419051,-6.98589986233647
-0.7868223958176102,-0.2063561316244582,-0.9912341550400133,-1.0,-0.48582819606292116,-0.6727540746432006,-0.029894707152187214
0.0885745052509056,0.5211569282704072,0.4028586899244525,-1.0,-1.0,0.29071685876449666,2.358190867965569
0.5978619556309573,0.12684135121982248,1.0,-1.0,0.7234342691917915,0.8176205008738053,-3.087665134380266
0.4191015952189153,0.9381888669062521,-1.0,0.6107000629759651,-1.0,-1.0,5.674664917452413
-0.35634220745418355,-0.3111618796484561,-1.0,-1.0,0.8713024148256097,-0.676078292644328,1.9983564570273449
-0.6603720010879104,-0.6391328358388267,1.0,-0.8411339565234359,1.0,-0.7553872954504643,2.6926889104006824
0.7261565237022722,-0.8905208915795192,-0.307600066460373,-0.03823058636873755,1.0,0.5632771935036716,-3.0582740599398934
-0.52320698329686,-1.0,-0.5552774213923621,-0.6736337760242406,0.24370851502123236,0.3436897338148706,-3.8108576458638335
1.0,1.0,0.010154532690312745,0.6102794094210524,-1.0,0.5273181124033619,4.612534816577631
0.6866846774130627,1.0,0.15263941875829795,1.0,-1.0,-0.4150448419395789,4.804292516825912
-1.0,-0.8855933620578413,-1.0,-0.49829476208844103,-0.4948659646977188,-1.0,3.3324933887330617
-0.8348605136136927,1.0,-0.9173395220778063,1.0,-1.0,-0.428178471795311,2.169403014632062
-1.0,-0.05276473861305897,-1.0,-1.0,0.0016646999286476782,0.9583199024110147,4.751506488818624
-1.0,-0.9206864601755071,0.20563519485205972,-0.5528709145125644,-1.0,-1.0,2.729068364047812
0.2018887243998584,-0.8518248694472097,0.37381613196035474,-0.47358445977155417,-0.7222188144791091,-0.7745157284911945,4.631371936720211
1.0,0.5396592488875286,0.21336042773681596,-1.0,0.22043561358501118,0.04920203494356379,-0.08198203807762411
-0.3704189534909137,-0.854107073057659,-0.08272048872961046,-1.0,-1.0,-1.0,6.746347903512588
0.3098433386469316,0.36599162189754164,1.0,0.17774427309035307,-0.9207924464370616,-1.0,1.7751627605708225
1.0,1.0,0.8403363088016116,0.6732001851042602,-0.3141957926504694,-0.39459782018632383,1.1320276489077166
0.026480463189886505,-0.4885565550383015,-0.09173293078943912,-0.045075169535683884,0.7901580848532752,-0.9335068255361302,1.6699577659375409
0.4817581277467193,0.9386280453844,0.27937949582865756,0.14114341412576395,0.3692146257642488,1.0,1.3941355826188602
0.14027451643253386,0.3585421622178025,-1.0,0.8391037987554787,0.5560053015386286,-0.36722369690312207,-2.282337295949322
-0.12006976851966944,-0.033958130275581366,-0.8569417612335877,-0.9399973917828339,0.6038252900057801,1.0,5.737060507759421
1.0,0.8557974237139938,1.0,1.0,-1.0,0.5203108368744508,2.8415437138527193
-0.5931462229690346,-0.746535417066676,0.5662591162164223,0.4233181961006677,0.6872330374198401,-0.4557479703025935,2.8246420637989584
-0.6619241747013337,-1.0,-0.5570179615692619,-0.8995969061290693,-0.5988726786162766,-0.4688239920637673,0.5881730135305808
-0.2416830196525268,-0.3738819705241404,-0.8917266614833682,0.5829500712174236,-0.2690271631331242,0.3912579100091369,0.7700954777223996
1.0,0.8428001390604456,0.5859395963288854,1.0,-1.0,-1.0,10.182401662626232
0.6136022035875779,1.0,0.41452291286707027,0.9523930909339141,0.9821169988524171,0.5091858563526238,-3.1937080167610072
1.0,0.3301980970951792,-0.6729435002696488,0.6154662079362997,-0.15628190606050407,-0.5279155707848466,0.9847714016062619
-0.1850100196454335,-1.0,-0.43151721908532514,-0.11970069496297664,-1.0,-0.02690983611254294,0.800578738008645
0.24466118234065326,1.0,0.7756145295318142,0.2795431966398423,-1.0,0.16866972372665168,-2.3168176246735954
1.0,0.37779532842752084,0.5656371003977579,0.3473313955731093,-0.03169285015987955,-1.0,4.8879171220129995
1.0,1.0,1.0,1.0,-1.0,-0.6571222731069176,7.041983056327303
-1.0,-0.22289479892364694,-0.1403479043807092,-0.44515607852016026,-1.0,0.4774383180463225,-0.9158740497351288
0.0982732650398569,0.537846248676681,-0.5652666693898293,0.05066592393202074,0.1347047391520073,-0.9681190678653457,1.5005119646837608
-0.5267192703331072,-0.14898398262514068,-1.0,-0.7694685070576357,-0.6311529788185131,-0.20403327058470255,-0.6870659252542555
0.026575224220849236,-1.0,-0.38581564311536887,0.1654731267522184,1.0,1.0,2.2610453839312274
1.0,1.0,0.8372611242685781,0.9725575265296071,-0.07966981970518824,-0.9401607644523167,3.7338082697384776
-1.0,-1.0,-1.0,-0.18602636259475136,1.0,-0.025598063388588832,-5.449336948178405
0.1303907184473847,-0.5380711201214673,-0.6842538767981616,0.08904362932022852,-0.46120821357742486,-0.6561284155812245,2.0639578730563577
0.12967734043198192,-1.0,-0.9015003747290969,-0.9263254593719855,0.7734988512469062,0.9291438275398041,-2.3188915873243827
1.0,1.0,0.22540852931095556,0.5034897134198639,1.0,0.6600406427834288,-1.6496906999979943
0.5398084904230993,0.31822818680728926,-0.11980776496021284,0.293369143412191,-1.0,-1.0,2.9614150970760846
0.6697378158410066,0.4766757323254619,0.9164849914020546,1.0,-0.27960286654805633,0.7419244104044024,-1.8799772729954092
-0.8906452745883928,-0.8683125940201089,-0.3655954023086435,-0.6270610848453126,0.3298355728580282,0.07354631543272094,-0.4777980777294089
0.8644465935745609,0.738993120366964,0.49951882619511756,0.3145861987993612,-0.5952134430901342,0.5786418851883455,1.9589346599436865
-0.5210918177538724,1.0,0.03249194420340085,0.9330989697622916,-1.0,-0.25279969755703746,0.09777316591608531
1.0,0.3118696617824813,-0.44422924156259413,1.0,-0.397258581997495,0.21048285702268665,0.9096206058622337
0.39513797778165183,-0.47193089306330394,-0.5779440101842004,0.01286714058879368,-0.9337324184569624,-1.0,2.4145767142229078
-1.0,-0.33730448260217794,-0.25896183002971696,-0.8380091424837814,0.853529019396902,-0.8529164594847678,5.46396727694414
0.6848347355107595,-0.08408423546289767,1.0,0.7422938169560587,0.07702867093339472,-0.15371085122910721,-0.5868997091053356
-1.0,-0.6199468692834605,0.0024908813892094983,-0.4149056194483135,-0.8068297667890055,0.20036252384446895,-2.1667990677355293
-0.3105831642791642,-0.6506249206289187,0.17244646060998248,-1.0,-1.0,-0.9907309870391385,5.9889144957020095
-0.17879756999202212,-0.21192522625105925,-1.0,-0.6607049552101596,-0.7135344115593473,1.0,6.428912620299465
1.0,0.35425235884874495,-0.19931000121460896,-0.7216918047962912,-0.32693683924069394,-0.05132399660453646,0.6634463296764797
1.0,0.9254751972045379,0.7415101155656783,0.7467427458233917,-0.36258199177647354,0.9534892694075039,-0.12268451763286076
1.0,1.0,0.258810024314164,0.014124869465700352,1.0,1.0,1.1785360865247294
-0.3247218592416115,-0.6223347932885732,0.8987350506916789,0.0938709720437945,-0.22650222156472788,-0.0749414896178966,0.5010848813515939
1.0,-0.6168874643331659,0.8323942727539856,-0.3698257303705761,0.4730055446779007,0.16058462320572575,-1.3474561130307214
1.0,0.7745567400582503,0.459314183103817,1.0,0.0008904052246790917,-1.0,5.592798767499507
-0.15177793660932065,-0.10561292028158675,1.0,1.0,-0.15881040165646734,0.3223963442191681,-1.2278126888724428
1.0,-0.5536252433057358,1.0,0.4624051584239437,-0.2361273128028636,-0.28097837886032406,3.9770630277671164
0.039967095309231704,-0.17437290876887557,1.0,1.0,1.0,0.21846856267097048,-1.5998984464412558
0.19206524533857466,0.901397290096426,-0.2209468457318548,-0.20376494865395006,1.0,1.0,6.36696461359042
1.0,0.6685949718615485,1.0,0.24479113337058922,0.9813304743191875,0.4834939102822948,-5.161422939159003
-1.0,-1.0,-1.0,-1.0,-1.0,0.5072326223033097,-2.2170844003438033
1.0,-0.44738186629377763,-1.0,0.0808807757559141,-1.0,-0.9718505150786672,7.849783986393641
-1.0,0.7435686950923444,-0.6106939485727614,-0.03851980157278434,-1.0,-0.12644490987852253,-1.865278959668398
1.0,-0.2211121430438736,1.0,0.07411643054809924,1.0,0.5714941339600226,-6.331824569610323
0.44334450103130885,-0.3124319073386569,0.03695998443288606,0.671605312618097,1.0,0.5451697045776022,-0.8486687666906099
1.0,0.5103159988881132,0.6526844449615953,0.5793856943272303,0.9847805159825616,-0.17543463599166986,-3.028787236604514
-0.06458071587459635,-0.8702673278270221,0.37643274224872314,-1.0,0.29459810920917007,0.6729993198405242,-1.1767356663726058
1.0,-0.2283392591047797,0.3517984921138304,0.971008270793891,-0.021246926504098873,-0.008760935339636289,-0.4235701099477559
0.5366724958317302,-0.15918463063183208,-0.9194519652464561,1.0,-0.15096538224862988,-1.0,1.721475404793659
-1.0,-0.5318006860758093,-1.0,-1.0,0.6911542797884567,-1.0,7.166330332941185
0.8566094113346789,1.0,0.9028356199034828,0.8339617368250616,1.0,1.0,-6.351225471508347
0.510519791800109,-0.07197253865706943,0.7079054581432065,1.0,1.0,-0.5852372502247148,-1.6934284102037997
-0.4145131339104495,-0.6131655178102653,0.09138062020121951,0.6995035464037263,-0.4741923442524318,0.6533875666299421,1.12964643413153
-0.14778452233035017,0.9739937452454828,0.6900196816255579,0.5185398659749796,0.6797393339071496,0.4080180535510991,-2.7694597724835943
-0.640732201417036,0.05127474367180884,-1.0,-0.6122587211506385,-0.32151135149558707,-0.009580796536617253,-1.5179603299987876
-0.1437812420131397,-0.8334518024628579,-0.7183303891548265,-0.6321808314172744,-0.25499614324058517,-0.6064407225718487,-0.6981030784189394
-0.30081370430083365,0.4770205424843289,-0.5422594866748325,0.04366413496333599,-1.0,-0.4670692702550192,-0.9411409431962398
-1.0,-1.0,-0.8618936505982713,-0.29347290109926916,1.0,0.2253568314117027,-3.666890842235391
0.5517289924959465,1.0,1.0,1.0,-0.2009622550974448,0.05133807804919455,-2.0833478414569226
-1.0,-1.0,-1.0,-0.1742033028239173,-0.5775057745508356,-1.0,1.6837605161873062
0.525678750354295,0.5829231925699085,-1.0,0.2380088800219181,1.0,0.10822622405946292,-1.3733815212593996
-0.10432411496482902,0.8559387274512604,-1.0,-0.091355751496352,-0.28225782708893843,0.5146198354770983,3.361078006577489
-1.0,-0.0026801502561833446,-0.5346871347111986,-1.0,-0.4522101119166675,-1.0,0.6531983184570874
0.3810727246069371,-0.40876362750162787,-1.0,-0.12418911563433044,-0.9600115230544481,-1.0,2.282723113612384
-0.2623980037459427,-0.3941473621779609,0.6624600412742999,-0.7228216616439852,0.4357033365045712,0.08408376918385474,-0.18608731421714292
-0.5076838309127527,1.0,-1.0,-0.022686367010846253,1.0,-0.10092537310084307,3.8959251594103512
0.8766347092783702,0.6487407067755132,0.17550498895743383,0.29867623012929745,1.0,0.429346400533064,-1.9218798120204559
0.7586109458742274,-0.20710707382937588,1.0,1.0,-0.0653867260341568,0.5501675996316079,-2.0483243233594446
0.5111350741585745,0.018542555579329933,0.7076941974765895,-0.8117684567472956,-1.0,1.0,4.98403212086436
-1.0,-0.03585875640634151,0.4305055450847402,-0.8617305970116864,-1.0,0.5002884943812591,-3.0609485501009996
0.9789683021517711,-0.6168290035407922,1.0,0.27538537088075715,-1.0,-0.36382337137743104,6.469637930444567
-0.7623745380945318,-0.6385019959409641,0.7456759918470739,-1.0,0.6624880897729202,-0.26578764700948,1.462543249572577
1.0,0.07671738409017809,-0.11372441660900406,0.7256824129084206,-1.0,-1.0,6.788110185107744
0.9612050366000598,0.05599305597933324,-1.0,0.6858636549914805,-1.0,-0.8449064280237768,4.988264240128119
-1.0,-0.03710977521065706,0.2880070743638061,-0.5219806717258644,-1.0,-0.9927781169972709,-2.1596037071710885
-0.5320105479836787,-0.05840109423829226,-0.20932218552352327,1.0,0.577501767917034,0.21338597923413294,0.8966358512233004
-0.26260170306133157,1.0,-0.22380792099625868,-0.37856293116519235,-0.71514081451757,-1.0,0.2057748577277241
0.04641901822018851,0.24448569112287888,-1.0,0.16060142269148137,0.007355222360097335,1.0,7.016175357069049
-0.9271877697591391,-1.0,-1.0,-1.0,0.08959622424757396,-1.0,3.5808369310420565
-0.23458173922019876,-0.052514022516063436,-0.17256272973528286,1.0,-0.43907944862215414,-0.07056186336690373,0.07094738737702333
1.0,0.031539356362120685,0.6111515852274547,1.0,1.0,1.0,-2.0329177903264806
0.31683061687402014,0.49029840204437836,0.7542223081686994,-0.9690238874870849,0.4785563530900553,1.0,0.36892654547058
-0.8790995064024929,-0.5191241845217913,-0.01992904512603577,-0.12540120750205475,-1.0,-0.5879461668702237,-1.2739365825188216
-0.5631291066566844,0.5555113751852503,0.744448712537648,-0.47286021018390645,0.5333980088156982,0.6927697574180863,0.4578811775104453
-0.7980133765258293,-0.6562061888288154,-1.0,-0.16248745523348074,-0.8410920181868262,-0.17364350823385633,-4.2158974369470945
-1.0,-0.8790623180800181,0.041191761447030295,-1.0,-1.0,0.45654654374208437,-0.20507837980113214
-0.7315084202791925,-1.0,0.32409777930063965,-1.0,-0.3012698229389539,0.4313714551217586,-1.487549080975153
0.44605187004672986,1.0,-0.31979225939195655,-1.0,-0.1297398601826529,0.8923832317181566,7.433492755803544
0.947754925953963,0.22834462619292767,-0.0431654133769932,-0.30464595853197296,0.9604208492686951,0.7782034546846457,-1.0865194003875762
1.0,0.2792553444927064,1.0,0.38689396585829483,-0.09724886434770486,-0.035546201105666225,1.4377453388666939
-1.0,-0.18406310992019148,-1.0,-0.024138720043029638,-1.0,-0.4298079630638245,-4.0008595410792545
1.0,0.7530054001726413,0.634583266981443,0.04133945650867038,-0.3741020674908216,-0.5445820652601996,2.1849772699040537
-1.0,-0.17056708033333606,-0.20696713188028815,-1.0,-0.17858034198576223,-1.0,2.9158057057449844
0.16314180397080918,-0.12808485966823155,1.0,0.006395842877044304,-0.19155523069314495,1.0,-2.0918807047052304
0.8953772526269809,1.0,1.0,-0.40084273423031314,0.39862707610749537,1.0,-3.5893739634786472
0.9653804274349229,0.33939737610173426,-0.2843566183858402,0.8787426926086275,0.318667693839366,-1.0,2.6280641997692014
-1.0,-0.7851216348089695,-0.07893316564573793,-1.0,-0.8908218798420621,-0.5477866492071147,3.5829934613922374
-0.20554502337744535,0.4755767844187663,-0.16237490281143602,0.9795385957285374,0.9037908474437901,1.0,5.385946215561328
-1.0,-0.03998597656527891,-0.01237900145344395,-0.3979022578578873,1.0,0.00139722066677761,3.31515963255807
-1.0,-0.2747472009475438,-0.7381105979883515,-1.0,1.0,-0.36222248386040273,2.348613012032521
0.06021247998541479,-0.2394275003462672,-0.9699677513732243,0.1985961435252574,0.13159011791390363,-0.053646582438310275,0.164394099040651
0.26214495974220653,0.4262584596322708,1.0,0.5317161458609359,1.0,-0.7511326862755892,-1.6124058068969482
-1.0,-1.0,0.7213114080259018,-0.5766988921456622,0.08980230392586697,-0.38236721079577024,3.095478433402505
-1.0,-0.6824935736782615,-0.6931380307796517,0.16204056635974895,-1.0,-0.8482398606191075,-0.3073046668574285
1.0,0.0891973576646079,1.0,0.19751786648020486,0.5086026741993454,-0.47926975286657053,-0.5407712723021125
0.768778352314494,-0.5849185078910429,-0.8081575192511625,-0.302184354857544,0.05780618839659518,-0.7087162597860241,1.159432439024963
0.3377474348536286,0.5674036604297907,-1.0,-0.03729028373591864,1.0,-0.03414947386883055,-1.1145819394495184
0.81305330291071,-0.5265256901801957,-0.511997665330547,-0.9719041655132195,-1.0,-0.24041755365846873,5.927199082337794
-0.1813001833965211,-0.0958169666660825,-0.9415890860312279,-0.4113337848072244,-1.0,-1.0,0.5271967420083168
0.5703059046508415,-1.0,-0.496155820976768,-0.42112777124553924,0.2756162266056684,1.0,0.23328505459311144
0.09136917034646297,0.20730211124153142,1.0,0.8088521753406139,-0.29088037563776814,-1.0,1.3139686842359999
0.15530505234009273,1.0,0.5824399997468803,1.0,-0.10904995668985934,-0.708916245289541,1.2844378776153238
-0.0104072893457815,0.18891756520495262,1.0,0.9387970391175129,-1.0,-0.571767196484043,-0.8745925413226546
0.043383247214166976,-0.06613695022860688,-0.7727278126927745,1.0,-1.0,0.4708150864286391,0.9591887541850278
-0.06685317961190418,0.5230316392648946,0.4996952284454925,0.006118464509388688,-0.5356576200564106,-1.0,1.8839447272604577
0.918741694531323,-1.0,-1.0,-1.0,-0.1901952244458862,-1.0,5.733221685777539
-0.12478293337240037,-0.7264432804362857,0.9053596694667826,0.3661970969593174,0.4775795779577041,-0.7169533784072125,1.6854916859106446
1.0,1.0,0.368066363115952,0.6745224178477748,-0.1535646560130694,-0.9838560189850822,5.899160781795516
0.3573255024203359,0.6260081224971292,1.0,0.7747422321597595,1.0,0.25325533515299514,-2.6950190302941603
-0.006430353838854819,-0.9938012043390962,0.42650656284051475,-0.5961817347693525,-0.8300134766538275,1.0,4.935122489486416
-1.0,-0.2691280501069375,-1.0,-0.6442684449685738,-1.0,0.5728103584518535,-0.04063006983643924
0.29956427959565946,1.0,0.1365954640668121,1.0,1.0,0.759143706604916,0.2463197875946105
-0.3505932588625733,0.5985151483321317,-0.4523980312478961,-1.0,0.0766502837844073,0.8277588865626953,2.5347104791929826
-0.18496547573357847,-1.0,-0.9375708009309347,-0.644523494507395,-0.12946353255983595,1.0,1.6183669754279806
-1.0,-0.22959689166571162,-0.28795284145950106,-0.510468656514252,1.0,0.7551052119763046,4.307841115581071
-0.4482025669062051,-0.5878117872026143,-0.9944363739869331,-1.0,1.0,0.3212832639947467,-0.9088655835507234
-1.0,-1.0,0.5461377253199127,-0.8638329732269091,-0.27715188701328053,-0.4241085452148061,2.1433378152921994
-0.7808565996496061,-0.12003524266404975,0.9700092459340104,0.5986289081738961,0.03111944963733726,-0.3195168700195905,0.30627142078753566
-0.37190387653015855,0.18311519759419537,-0.25032460052382516,-0.28512631813350237,-0.41862999954328234,0.8260897672012576,2.025442769549887
1.0,1.0,0.5895417614208285,1.0,0.6597869420133404,-0.5526866380520575,-2.1800648373727065
0.3062217370705632,-1.0,1.0,0.8352249513897219,-0.3031106400766954,-0.151787378897707,2.8949006558709676
-0.4158187903104792,-0.40851608201464296,0.6161472016118829,-0.22373530195873736,0.21839180415431625,1.0,0.1479303888860219
0.6658449490371098,-0.6347919916607473,-0.3806319431158858,0.424057650812862,-0.5859227915295788,-1.0,4.936281750131766
-1.0,-1.0,-1.0,-0.07402073899112804,-1.0,-1.0,-0.9720339945439127
-0.39363195137959006,1.0,0.004302828512128709,1.0,-0.8832149083546833,0.19125148349402254,-0.09346977039355608
-1.0,-0.24855845285396394,-0.3818226542699641,-1.0,0.21844864778681772,-0.8513244462081957,3.2989640111062872
-0.6911736371403334,-0.7530171197465787,-0.7416440658561654,-0.07709299436084671,-0.9860112438445917,-1.0,0.2066349670872602
-1.0,1.0,0.38570790880319855,0.8590902449975654,1.0,1.0,2.8833737791832217
1.0,0.5381619056381073,0.09412829446123583,1.0,-0.8378027832918924,-0.646671951118244,4.548461274095523
0.36068915259819123,0.5750291987062901,0.1957598316899148,0.019362646084040702,1.0,0.6706905741303926,0.8758817471312271
0.054711358787394415,-0.04187396248021824,-1.0,-0.05286011826798859,-1.0,0.01930636453611878,-0.5208851566669075
-1.0,-0.34512504930879506,-1.0,-1.0,-1.0,-0.7011530583698911,1.1311676057881934
0.10464897552935537,0.2080540545303387,-0.2667602079221105,1.0,-0.9787022361431432,-0.25083288850580754,1.4287373620877197
-1.0,-1.0,-0.7769905237485619,0.4965740918889335,-0.12554047768537263,1.0,1.7398947894384011
-0.12060306489237793,-1.0,-0.4800480479408453,-1.0,-0.11042464511529893,0.07475716521566445,-1.8525751576693066
-1.0,0.31094959429203234,-1.0,-1.0,-0.14332777284387066,-0.57462398032962,-0.28251094371938157
0.4327837368023344,0.06488210574922948,0.5074033880342543,-0.8614551090768287,-1.0,-1.0,3.9785844654669478
-0.026941370154262234,-1.0,-0.43012092925530854,-1.0,-0.017194226484080533,-0.8374465375110116,2.824565835766951
-1.0,-0.6577603252423955,1.0,0.09405029418597577,0.34723763527134194,1.0,-1.7361740505529295
-1.0,-1.0,-0.2888596275494517,-0.44562478202689615,-0.7591371935159862,-1.0,2.2748618711338797
-1.0,-0.935234634376259,-0.18689071327954476,-0.6652735034892654,-0.002757436469404073,0.20966368880968178,-2.19958522826342
0.6668397144330903,0.530568479619951,0.8956635966146529,0.49210526171092106,-0.6675257125859427,-0.7411073310763253,4.316004942360331
-0.07701532963269497,-1.0,-1.0,0.5040545064035726,-1.0,-0.22729910533787012,-2.631994751210413
-0.05033033305484125,-0.4624918349780901,-0.7657373857727181,-0.49379741737410426,0.3547488240636203,1.0,4.374257813918579
0.6294943365318315,0.636100249649843,0.6541405406358833,0.7008519690443382,-0.8684297326011685,-0.3816120710660119,2.994255579072607
0.6040470138579839,0.8781867212920107,1.0,0.9081747347071076,0.2834136312333432,-0.041811937259108145,-2.999651444970802
-0.3042966190789609,0.9410571550256484,0.441637535748099,-0.5777645575490724,0.2616887058565218,-0.8284965952725983,-1.3254178755154833
-0.4578764285403357,-0.7183703096107859,-0.10483059232963064,-0.5926478408729527,1.0,0.15674375785421765,1.7854618745181792
0.48105765134095757,1.0,0.49003942610881734,0.5508124435598628,0.6644989647270867,-0.116893739942648,-2.357855009855856
-0.10307928335512018,1.0,1.0,0.033634838192629385,-1.0,-0.9701876493406452,-3.1765435126145714
-0.8168236609830858,-1.0,-0.14960252579916533,-1.0,0.4677715133094307,-0.0342976231853277,-0.7246781036345267
-1.0,-0.27097217859464173,-0.9887165707569172,-0.9064594713678421,-0.9994621117399263,-0.20160994150597622,-1.613385685466172
-0.7928041346032052,0.4055689901007638,0.8111839875950446,-0.37721336673639183,-1.0,1.0,-1.6408588147966623
0.3940779616699208,-0.1210313542137525,-0.6205134525567068,0.9622490712758768,0.5106061068299766,-1.0,0.09398136718218475
0.6373546595883913,0.8544075548639751,0.819580006713982,-0.21296438181084415,-0.39507889887531766,-1.0,1.832827434593824
0.8749897532220537,0.4166286720043528,-0.9006939069222791,0.5002345828677159,-0.028777668380670418,-0.6852948028030569,0.310516100427588
-0.04658580236527293,-1.0,0.5770550601288629,-0.6248877072714877,-0.8685493962554087,0.2862403918783465,3.207410794854453
-0.848271551775827,-0.7785162271795474,-1.0,-1.0,0.7781965460260145,0.9450066815367566,0.5751288722560306
-0.45351423792131884,-1.0,-1.0,-0.1879120539484871,-1.0,-0.2844185949162876,-3.1885159600244264
0.6020956640049909,-0.004233730744287623,-1.0,-0.47193888705799975,0.5352257846182725,-1.0,0.09631575113391022
1.0,-0.8452892698239556,0.8787954294246023,0.4938359759861567,-1.0,-0.2630494405766332,8.238693389892642
-0.3610384286345802,1.0,0.3929342971244496,-0.7157397837915882,1.0,-0.03202484767923275,0.9570978734528359
-1.0,-0.8776398020112386,-0.8601326582607197,-1.0,-0.5943910548918088,0.31976633266491483,-3.224487409770914
0.9622016905587645,0.39567356657221675,0.33345926754286626,-0.24738529730625836,-1.0,0.7517170722950396,3.8883934933739424
1.0,0.8499659767643142,1.0,1.0,0.9555060075313488,-0.9649515148861189,-5.520106616512311
0.5285405345234429,1.0,0.9657498687344359,0.4529571093186314,-0.20252251618902806,-1.0,0.5658396136918016
0.24949525814840923,-1.0,-0.5329049850680359,-0.6225866466139596,-1.0,-1.0,5.829370388269516
0.8828061694522649,-0.20337118401710808,1.0,1.0,0.8881608687128375,0.1788759454464973,-4.085915597584421
-0.40646214975507977,-0.0450825127492539,-1.0,-0.26506414490929053,-1.0,-1.0,-0.5587581101095678
-0.311780747566775,1.0,0.11674796880538463,0.5796688765832172,0.9858180308975749,0.9799305456763157,4.489919953974445
-0.24653201836063543,0.31229125145560965,0.9595086352389899,0.896625322838563,0.014023670529208054,-1.0,1.8218413619629867
0.9143583139758041,-1.0,0.5843614171657681,-0.20419394464267293,-0.8935339486428255,-1.0,12.413537994567768
0.44754363146538145,1.0,-0.009329149159408495,1.0,0.4394133566874743,0.7941562383475365,0.6972024478499321
0.28663324035824145,0.5923224111572227,1.0,0.9270698626655314,0.6518193707715026,1.0,-2.8118098198880874
-0.05155430611725842,-0.3882565779229219,-1.0,-0.24996981796517637,1.0,-0.8649474143815977,0.4480322710989739
0.5499799254196331,-0.09778274311036193,1.0,1.0,-1.0,-0.28474146171780124,1.2410102180055318
0.3933313661680282,-1.0,-0.7256251719119664,-1.0,0.5755977203703734,-0.374474038928613,-3.151117224311161
-1.0,0.17878765860337537,-0.9903030318030881,-1.0,-0.4885663773981187,-0.16210419667810722,-2.1640567826140096
0.615182263095308,1.0,-0.32362791128985713,-0.21495385774726983,0.28809423477182144,-0.7640067903095914,-0.017834112070968577
-0.6741456695126274,0.31697027092638397,0.37826363628732534,0.8893654810643694,-1.0,-1.0,1.4498434854178255
1.0,-0.08082418287697613,0.5817180144338145,-0.9909394995442411,-0.06671223970294204,0.7057876904445421,-0.41727393601210794
0.24039651983651478,-0.18306635202246724,-0.429685999443149,-0.39836687874220866,-0.7319959319635381,-1.0,3.492156533220174
-0.18476565636446196,0.004531558575775807,0.5009640066397398,0.6987934397268218,0.5356187963014583,-0.23370392471674625,0.690247482014047
1.0,0.9485384179159072,-0.9194846371245052,1.0,-1.0,-0.3731397501743918,10.25585228696557
-0.4014602022883158,-0.5279043402227523,-0.17991088900966257,-1.0,0.7903386964269383,0.18593062500738755,1.545976932327857
-0.3779064907945948,-0.1022538499632198,-1.0,-0.06434155433378744,1.0,-0.38274230951786803,-0.7597811750276029
0.571384016552656,0.15042229430566678,0.5697741662691986,1.0,0.29186916077325115,-0.6360886661824785,0.8433526492023591
0.18966160298697665,-1.0,-1.0,-1.0,-0.4771191739236634,0.8917260816053869,2.3325884957284226
0.9411680331758943,0.40665967364854716,1.0,1.0,-0.2238007148348663,-1.0,3.0983070444248506
0.41445074641000396,1.0,0.09428344316682824,0.6680919151333355,1.0,0.48471556440573194,-1.1533292627286342
1.0,0.37623115568766086,1.0,1.0,-0.8754059506350409,-1.0,7.404713906753163
0.6374916652955793,-0.9323523930195319,1.0,0.34843228076332244,-1.0,0.364463043899947,5.482735414421423
0.8838143091985187,-0.9672982062156353,0.691180989247918,-1.0,1.0,1.0,-4.8059520166265415
-1.0,-1.0,-0.528590174489826,-1.0,-0.031045097362851992,-0.7359623790674249,-0.8396578875699733
-0.19321199973685477,0.07525148159735492,0.4057896444134571,-0.7026431201635102,-1.0,0.728607142928136,1.6838180693851608
-1.0,-0.7956328078208362,-0.21593844472859977,0.3364232169256482,-0.17717473947186657,0.6010333222796018,-1.205798500574079
0.25854284161194874,0.2823416046272369,-0.47556840692994157,0.3515188302354513,0.5916137940528938,-1.0,1.2222437551102123
-1.0,-0.881317722095788,-0.2803181517299933,-1.0,1.0,1.0,2.1881691213636163
-1.0,-1.0,-1.0,-1.0,0.5521659796295935,-0.8242457248802149,-1.007281038400877
0.8763175571353568,-0.845665828084287,-1.0,0.670047816024728,0.9500811549386872,0.09631848962935252,-5.053019663682498
-0.9923034040048033,-0.10456680448820777,-1.0,-0.7319276799710677,0.7757928012464906,1.0,7.364526088530695
-0.9654290880087488,-1.0,-0.8963023086454467,-1.0,-1.0,-1.0,5.470029792937233
1.0,-0.43817221744523005,0.3895014389178796,0.48298622626854104,-0.9262416630926771,-1.0,9.157016904243905
-0.18544044894392253,0.3800573362581563,-0.7000159456861591,-1.0,-1.0,0.1916681091903576,1.82484080396231
0.1642183190213557,-0.28363050305284176,0.6022945733303416,0.55621376313287,-0.5319923217830045,-1.0,3.85397071234379
-1.0,-1.0,0.030296642988229094,-1.0,0.6614688504103156,-0.9881598123393172,8.631812030296866
0.14018603031338195,1.0,1.0,1.0,-0.24531557731579834,-0.7005571997582781,-1.126488663913635
0.8652820159873533,0.8941973858487555,0.35410423157823856,1.0,-0.8913944477644118,-0.21435954972090432,5.304531515774534
0.3352661493091921,0.5246722069722194,0.14623818060669957,0.1076579761135501,0.08618919344278964,-0.6785266514534998,0.26203898828519734
0.5082710991472381,0.17491577120289098,0.46553158674095213,0.8362392883511524,0.8769636189849936,0.552474050143897,-0.8323439349951267
-0.4063530715965352,-0.1698707687578741,-1.0,-1.0,-0.005047632117726741,0.5173623815889801,0.9425463552055828
0.523515020480382,0.9231102443607984,0.49739759528886607,0.8003356336499374,-0.3068199692241195,-1.0,3.106573264890267
-1.0,-0.3294127188768077,-1.0,-1.0,0.5664150280610687,0.11491048506924084,-1.8643905329068942
1.0,1.0,0.10901265548006167,1.0,0.9459555995521579,1.0,-0.8525457766493365
-0.5016638786908141,0.09845073328991139,0.44914852558732554,0.8515500298006481,0.8979105868334522,0.8412646657582357,2.5005359722491054
-0.8394509599393746,0.3662336447223269,-1.0,-0.34592793048130543,-1.0,-1.0,0.5299035148062514
0.2537612259665804,-0.40628340844365274,0.5032272248186208,0.010662027170744881,0.12775791994686103,0.46797321912941037,0.13176775655782058
1.0,1.0,-0.044565966691700154,1.0,-0.16173068710010785,-0.5247216671198518,5.118293693694637
-1.0,0.007116942609453003,-1.0,-0.8716305823537058,0.2643200653651473,0.3814313910058132,-1.2474779218780552
1.0,0.4292103921440431,1.0,0.25108389956022575,-0.1260378147435134,0.8462530218214734,-1.7494184057034716
1.0,0.9528530571982781,1.0,0.5596702805284175,-1.0,-0.5434670427496197,4.304837250409443
0.9973252646265893,0.06396592815185892,-1.0,-0.625510432246128,-0.959470751659432,-1.0,6.707090026534396
0.5844041007808337,0.674642516186182,-1.0,0.903276817296574,-0.9547704008910756,-1.0,4.941509190647072
1.0,1.0,0.7033063434356923,0.3829623696111517,-0.27341286914043067,-1.0,4.3703757106405385
0.4012255243265723,0.3485598348346668,1.0,0.905299734464331,0.10649502635244007,0.719220354086643,-4.4477385235693365
1.0,-0.27795683108086777,-0.07690736117653243,0.24841296750718167,-0.1253140033960345,1.0,2.6994270527564743
-0.48651958401290823,1.0,0.20781533066910463,-0.16684308394379366,-1.0,-1.0,-3.184026346749329
0.445100070144972,-0.31762552946877076,1.0,-1.0,1.0,-0.6633390809626065,0.36628007433569376
-1.0,-0.43720301440364084,-0.3598874300326651,-0.0020978501561598195,-1.0,-0.38745377725489827,-2.170775395628313
-0.8570439281217643,-0.9709225361372644,-0.029847704367599537,-0.30981035210835367,-0.6443791847997782,0.072350178836409,-1.529320072657622
-0.2239750793148294,-1.0,-0.365615574251426,-0.3319161049546009,-0.4048811961624127,-0.7224845347476478,1.9304595884090796
-1.0,-1.0,-0.8706315169203955,0.06671878428743616,-1.0,0.02671522508226208,-5.483826976118617
0.7882914318400623,-0.5078923759093426,1.0,0.0497120027535477,-0.13272960414139345,-0.2884717747203696,2.071147531189363
-0.44508512009736895,1.0,0.4405679607442887,0.04274009281504876,-0.5338513023025877,-0.6145509420841218,-1.1613333122543943
-0.5584556367797973,-0.5320545840271057,-0.2571153199566014,-1.0,-0.771068942650645,-1.0,2.861057311705365
-0.4671999327330747,1.0,0.5364603731607873,1.0,-0.4939195081282941,0.7574946012802392,-3.307205420699553
-0.5856193503909575,-0.5251892201655066,-1.0,-1.0,-0.4706131133709859,0.24741486448482397,-2.522697452875379
0.5208910026289423,0.41896671245731687,-0.06631835140859066,-0.6340977342743438,0.6690232130725637,-0.44608270905266,0.26485786821866564
1.0,-0.37425161413032754,-0.4808302387214536,1.0,-1.0,1.0,7.855887809345157
-0.4557423753412453,-0.9048324322983556,-1.0,-0.2724531209587193,-0.13589138224781872,-0.13611158319674382,-3.472861064031602
-1.0,-1.0,-0.3318631137911876,-1.0,0.0018053679180790039,1.0,-3.7305859378957416
-0.4723714553822177,0.1791765209657456,0.044854719513150565,-0.7980420780793911,0.6717626678786434,0.061572076917065566,0.9168904757632418
0.988158629554627,-1.0,-0.5810547105606474,0.5449081759261348,-1.0,-0.4760075164237978,4.2159452924550775
0.17419519974272074,-0.9330530730378431,0.7813729153950443,-1.0,-0.19296249580326075,-0.42641370169104537,3.4717303389206937
0.7894888397510178,-0.4375971441128769,-0.23155790604101706,0.4433245095109548,-0.023896967387733517,0.6627420426233512,0.3774873419560999
0.023253169903708848,1.0,0.7859154428326689,1.0,-0.16797978233608807,1.0,-3.173243473184719
-0.9806914551041048,-0.5106305919628833,-0.23431167626927651,-1.0,-0.8258039661073349,-0.8442504609897334,1.1204231181096622
0.15883430773651472,-0.1876622011774427,-0.412715469145564,0.3986625938500469,1.0,0.8665043293121044,2.454059898384148
1.0,0.09200469941531568,0.6823701058843524,1.0,-0.35001411164854157,-1.0,6.38847846043944
-0.6298506123766189,-1.0,0.6938609645239856,-0.01584982390305223,0.15523403467321575,-0.5133267885387264,3.0103539257717107
0.5138033722200634,0.3116854179829767,0.4416586731297337,0.24476311881347212,-0.008072730811353228,1.0,2.2228808463780854
1.0,0.3802191419647194,-0.07638556510311867,0.3315798457200143,0.8930559455805724,0.12710904854071325,-1.4573222778519637
-0.6333575762708705,-1.0,-0.5175647542157225,-0.5182837662953825,1.0,1.0,2.277396129041679
0.6008977704415681,1.0,0.6578298009989945,1.0,-0.9743831285751414,-0.21207715693036672,3.1875397763904747
0.4934532087806487,-0.8531157177235018,1.0,0.6331737124955581,-0.20866215170068023,0.24167885207758988,1.135667724891678
0.6589541099035435,-0.8822191556778743,-0.73312973957614,-0.09167097254503509,-1.0,-1.0,4.973194642752133
-1.0,-1.0,0.1715853735863958,-1.0,1.0,1.0,2.472122651056062
0.06804022234187129,-1.0,-0.18199061240614556,-1.0,-1.0,-0.2882583690124574,6.187974470781948
-0.4869416976690466,-1.0,-1.0,-0.016502400334315936,-0.6660667610163543,0.4798849847476764,-2.090813985446812
-0.703722269124351,1.0,-0.43339987031972604,0.6087948740373149,-0.4772715896774247,0.07132205597297156,0.47942812241075156
1.0,-0.27005657457835813,-1.0,0.44360058975508565,-1.0,-0.5014309742817966,4.913431150571253
0.380431292614662,0.47750923400319023,0.4760453144348757,1.0,-0.03572654625765548,-0.800796808086301,2.3007441731706795
-0.40519724337891405,0.03003359888264251,-0.8274265910698795,-0.3860355103836469,1.0,0.992365544090086,7.816120986336661
1.0,-0.15468090286589908,0.09838369903906474,1.0,1.0,-0.4481547502828587,-1.9853628804420258
-0.5809433911669704,-0.4051194964182879,-0.9903162926385989,-0.6984357976557062,-1.0,0.35079268176059736,-1.3467033597238016
0.12327310663608237,1.0,1.0,1.0,0.6966497840031173,0.5145836619217847,-6.478749224373302
-0.703071036395169,-1.0,-0.5084847528990639,-0.26354992274736944,1.0,1.0,4.964838222380972
0.5765395863271139,0.6933030068690481,0.7768298975144269,-0.4699067627356868,-0.7779657141051135,-0.10726943648911097,1.5675879665877814
-0.5561827673229014,-0.4308401433116492,-0.6471938711582172,-0.2420330908562609,1.0,-0.8579448572743249,2.221978179789907
-0.19976236255041613,-0.024617123127517848,0.36232821715189806,-0.328961562815829,-0.3771755237527188,-0.5014938299887393,0.5458096989953052
0.465307346763542,0.13177271674700183,-0.1895712914527649,-0.16586627985918312,-1.0,0.10104807517441838,1.002501638378344
-1.0,-0.542564205040688,-0.8861982442858474,-1.0,-0.36193386258278903,-0.2670507949688806,-1.8793865921430537
1.0,-0.46915909107905895,0.9586569292681942,1.0,-0.41905134297684543,0.07709429011154922,0.7199546353296264
-1.0,-0.4173003960556235,0.5765489654486998,-0.2680760913855623,0.6182482668543398,-1.0,6.035170072119107
-0.813872798605807,-0.7191057707712913,0.383764079901979,0.11682938310415754,0.3773528393161809,0.36182601456853725,0.5372665991828627
-0.5513006274373045,-1.0,-0.2968512260725799,-1.0,-1.0,-0.6379589991631609,4.707394053474949
0.5758555505182603,0.23277702271444767,1.0,0.3751908398859991,-1.0,-0.33450375118844056,2.004048154529573
0.10267454116317766,0.24966341500917846,-0.34963986714576717,-0.12053788072510013,-0.5805598177534168,0.6687089630622013,2.4348043081815556
-0.8093529121274695,-0.980779065787877,0.6774696722899078,-0.6625913091861697,0.24879156255009588,0.773148021904295,-1.1696759535246382
-0.23041981917472376,-0.8519136908560078,0.9030261807500815,-1.0,-0.8348168424560838,-1.0,6.693863510628967
-0.5837696828986256,0.659534539904421,-0.4836989418731261,-1.0,-0.4589616675528717,-0.5137014802327906,-0.9601886470348379
0.5982021456489449,-0.3547026055357442,-0.00894492311231801,0.24224799757892312,-0.3035498495830513,-1.0,4.628908604345383
0.021224802527166853,1.0,0.6222555514842971,1.0,-0.6929531220510292,0.09375027688572635,-1.1514904310316445
1.0,1.0,0.7707787244170099,0.21094874089750362,-0.4791174666405809,-0.482504358452599,0.6066199454031602
0.22412241051949192,-1.0,0.10404355724434719,0.8296010950059529,-1.0,0.3406212568792245,4.906576339112091
-0.871630777240485,0.3441173418901657,-0.7050701853570304,-1.0,-0.5858960697772958,-1.0,0.013324194122402655
0.9229433692091571,0.3452231662683319,-0.0044152779165743256,1.0,-0.3776311417692134,-0.3684525825773146,2.820994287806622
-0.021399694325215157,1.0,1.0,1.0,0.8317986433716498,-0.6199886118860001,-4.853225079343289
-1.0,-0.7777018689891017,-0.6240125482038142,0.5066050554783605,0.5219783165522309,-1.0,3.3109256287884374
0.254326080178469,0.8786162393902834,1.0,0.4171590971262451,1.0,0.5074385005449381,-3.923631218848991
-0.25040857084840235,-1.0,-0.32519169041238005,0.47822548663314157,-0.5274044597397545,-0.05621083497088407,-0.9364176617676017
0.20771341256598547,1.0,0.02827255558392555,1.0,-1.0,-1.0,7.162865827995154
0.1543798118507761,-0.8638462901110358,0.4490298475920128,0.3045800387996584,-1.0,-0.7107565927575668,4.623526781112097
0.5436179545939994,0.7502099472249308,1.0,0.01037114251838167,-0.25261841779914934,-0.8443365087513763,0.9822245874325217
-0.7999237369139982,-0.2657183968744653,-0.5650815184913199,-0.5349012579268043,0.09828313522907017,0.3051143238497005,0.12909433790999253
-1.0,-1.0,0.013336930325691276,-0.8796937537265475,-0.9363301094543692,0.6507902546806626,-1.2160115834530365
1.0,-0.23452963753754685,0.33151020080990956,0.5483751951331707,-0.019707888114438132,-1.0,5.540378546252778
-1.0,0.3158817053639868,-1.0,-0.4070311121018166,-0.43792294035967405,0.4368021890622573,0.46753573899080353
1.0,1.0,0.429445749480742,0.3242666522552039,0.780868232995751,0.22586433674353357,-2.8010084327102662
-0.9272830865615681,-0.023732898586742573,-0.11925558649881496,-1.0,-0.472441961320877,-0.29845592053600734,-0.6492196717613723
-0.5281291812054829,-0.8869001536393721,-0.8129446591308114,0.21370953404913537,-0.20228569675969127,-0.16726372281889923,-1.837080457108862
0.05090166219313208,0.7297170827854659,0.7975530758524468,-0.34114162852526453,-0.9723022228140448,-1.0,-0.43621757208881673
-0.5886704905130461,0.15483524049073982,-0.8761011593297368,-1.0,0.5628061041824743,0.014864029750618846,-1.0908201437792986
0.494918575809262,-1.0,-0.2978829722120119,-0.49219637278308986,0.678997397224248,-0.5790910788192166,0.6716819595195651
-0.601282195976955,-0.6236962439291643,0.20625482589569355,0.5318697477427989,-0.611511519244525,0.13952130303249943,-1.5994869173769792
-0.07914089014803327,-0.9720102307388754,-0.08877568087720818,0.9850837862037365,0.3621405067732639,-0.2003369487918979,-1.3348132212475097
1.0,0.046554999057877744,0.8817900589108931,0.23853538627876358,-1.0,-0.05433119418041166,4.705555612643685
0.09116630543071835,0.4409103491512172,1.0,1.0,1.0,0.8719271063358642,-2.2972351591780673
-0.30803348725221713,0.10545448684188719,-0.1959083315432094,-0.6039590850458996,-0.31995764998037646,-1.0,1.9152101931853436
-1.0,-0.31541796491307084,-0.6066092860244626,-0.10016746589389802,-0.9345407055395023,0.7517840120769321,-1.206240154015066
1.0,0.8161568592604762,0.4896860390517781,0.9658793058360784,-0.4989436697143437,1.0,3.4864605342836312
0.9157496693367357,0.08395433297891386,0.2746561004727299,0.5751520112418749,0.5521065318205707,-1.0,1.935019097203357
-1.0,-0.9766774941891243,-0.553868862412956,-1.0,-0.3582461797575618,-1.0,4.117318219845015
-0.9595644589835881,0.08557813449456131,-0.5810490984844953,-0.7021962576401519,0.8508915444698538,1.0,6.7316073440019
1.0,1.0,1.0,0.8943348926198604,-1.0,0.48533017686877544,2.5076235058550003
-0.07511773807196931,-0.24609130428596204,0.3856041967150806,-0.742913224097477,0.34299608673558707,-0.2735886902805973,1.370337060612429
-0.08960355630454175,-0.3056917101459161,-1.0,-0.5997041501306861,1.0,0.6985724882014546,2.4145011614416854
0.19010474432297736,1.0,0.7494123636663562,1.0,-1.0,1.0,0.23730035027455568
0.707715542249162,-0.41427572647214134,0.7082082956977442,-0.6734915560271202,-1.0,0.5099184331052149,2.5675560863272064
-1.0,-1.0,-0.30702833962043763,-0.3541699253761619,-0.09781220952024305,-0.02036167950083318,-1.181964108769484
1.0,-0.8077460484529053,0.7866940726476619,-0.5628534962615459,-1.0,-0.20681891479800707,8.578000102256409
-1.0,-0.4595111804498242,-0.705519309981425,-1.0,0.6855813994566056,-0.6720534220202903,1.6341932687212855
0.7747931185955887,0.6338302233867494,-0.8193923071889511,1.0,0.3941747057906624,0.2772849118068179,-1.174665363757084
0.8321240648555619,0.5095055796840082,0.14847025139885062,-0.07631601194000773,0.19411009665444356,-0.7566992806858461,1.1738563792663828
-0.38407238557328915,0.30321685477132715,0.6320713241335326,0.6724865435356773,0.7146424952710281,-0.2584804833647376,0.8127483219016923
-1.0,-0.370881588626695,-1.0,-0.6806324441668292,0.1653242399368226,0.8124204131487802,2.0268068830503903
-0.7120814375797875,-0.13416494835474624,-0.6232902768852397,1.0,-0.09521353479188593,0.01872489976126468,-0.3577992420076675
-0.6722881281271146,1.0,0.9311481541496119,1.0,-0.909112287182629,-0.29135857248426256,-2.2715535116687344
0.4386811273867627,-0.4389357757291341,-0.9852694884227061,-1.0,0.2069116162607063,0.7487138724805156,-0.06823441032772953
-1.0,-1.0,-0.15963616715455486,-1.0,1.0,1.0,3.5976716894262557
0.4523083722444222,-1.0,-0.6328652126593909,0.8179328339573715,-1.0,-1.0,3.750953146482401
-1.0,-0.7292370284888943,0.19928935982787027,-1.0,-0.6090173526294111,-0.1032658912979745,-0.11703990896927469
-0.7295107204682316,-1.0,-1.0,0.30158485789129175,-1.0,-1.0,-1.4038671648424133
-1.0,-0.20626450972953636,-1.0,-0.1378272050840308,0.32368376226821927,1.0,7.763251098183306
-0.07580313269594935,1.0,0.6406390118218146,0.341752975691471,0.6451738890911196,-0.12318632371754262,-2.66683579990633
0.03162446393897178,0.45398952635947154,0.4043867111797561,1.0,1.0,0.24566358201987593,0.9493225066518598
0.001525281522231442,0.7599897242321352,0.2793066390141393,-0.9285404629774908,1.0,-0.5665072841555567,1.9692094756133207
0.40042466879488836,-0.22976500283551066,-0.2751712214094456,-1.0,1.0,0.2991481409168195,0.6367488115228189
-0.5535164755648695,-0.08812990851967628,0.7268411850043943,1.0,0.9848526438135634,0.9318085547447685,2.1709534828952073
0.7970860532694055,-0.28249894425771704,1.0,0.01677289236344026,-0.14243796709765283,0.38755344500808864,-0.49575335179762686
0.6025682126879485,0.5279212575669655,-0.5049174127040532,-0.8843386046282519,1.0,-0.6658897673244744,-1.6378586557601038
-0.6134888822891129,-1.0,-0.06036206905370434,-0.7016481781176696,-0.08535562688236009,-1.0,5.091906214713038
-0.7182616180645907,-1.0,-0.327721694711654,-0.3690794350872161,-0.9525991624394382,-0.9509787269091827,1.5625869045198755
1.0,-0.2793561868429282,0.07689230793509694,0.00688910962884548,-0.08945921143592628,-0.4510067459942627,2.132306332293603
-0.40141188985368864,-0.40670420256462536,-1.0,0.1766678128712549,-1.0,0.03084794160975962,-2.0974499673402
-0.15983181828199267,-1.0,-0.15305452823231502,-1.0,-0.09236445723141862,-1.0,5.410716283179656
-0.09800263008126242,-0.47893619313475866,-0.3235491960820074,-0.8031250556969907,0.40742216422065014,0.6033305392109943,1.3460450488026505
0.2983636587822299,-0.6629315562832238,1.0,-0.42298699717125804,-1.0,-1.0,4.304276700538565
-0.6600511896099094,-0.7940740438079364,0.0583357987782373,-1.0,1.0,0.0727309137001686,3.289988223265706
0.5668464885596887,-0.018521424151686672,0.8735719580449928,1.0,1.0,0.823380643201415,-3.030316417443695
-0.40827926626458444,-0.9987693559254631,0.32589084178207584,-1.0,0.10653728099108772,0.13155395123255012,-0.6730517601207358
-0.6159265009096655,-1.0,-1.0,-0.7868603169784822,-1.0,-0.9239765683610693,2.0462350103746263
-0.5954071931787637,-1.0,-0.8929308639983999,-0.9696193962649683,0.902604981397855,-0.0647823647039554,-4.410487177849555
0.5425996604087532,0.5516685799291549,1.0,1.0,-0.4852457444590697,-1.0,2.8544952408104987
-0.8305401944487203,-0.5497301122655424,-1.0,0.6677310674042437,-1.0,-1.0,0.10127838422601143
1.0,1.0,1.0,-1.0,1.0,0.3362549742409897,-2.522818862574915
-0.43306951254053927,0.0694973565727598,-1.0,-1.0,-0.9613139416827992,-0.25809625682805293,-2.0391487861681927
0.9311869794523289,-0.31326462638111563,0.1607976692356632,0.3341969713908205,0.15202062869081118,0.550814445817196,-1.2207410280413329
0.28187408262701164,0.003516801048075169,0.17387475568302413,0.2933689755287149,-0.005568951534049238,0.5676711922768604,-0.01033361495915508
-0.6074102826858927,-0.26809361319575487,-1.0,-0.6679202641668667,0.10298350125553302,-0.10282930240341626,-1.5036113442156098
-0.1487562727818862,0.17410359664086034,-0.6515533920995966,1.0,-0.32657296977465466,-0.7791210450315205,0.6710808443671602
1.0,0.9393597668037739,0.5160925304135664,-0.46221939159728864,-1.0,-1.0,5.510154588256271
-0.4531128190830962,-0.2207716043598389,-0.09185943183561662,-0.30337058258696653,-1.0,-1.0,0.2685720357710527
0.23835707338544393,0.4017114693979804,-0.4561788825570928,0.41362242163528784,0.14838492463013364,0.367017669851229,0.6966499083670942
-0.2625162232185232,-1.0,-1.0,-1.0,0.17842895297702777,-1.0,2.577558606699001
0.02104639478864212,1.0,1.0,0.8894773082633765,0.2589452845393274,0.25471786305720756,-4.4939496939609205
-0.5994131945485517,-0.9196500927305805,-1.0,-0.5689696045987102,-0.905913395868184,-0.21853063492412939,-2.750530519226239
0.7754920071560335,0.3842760847632045,1.0,0.41129875429478024,0.5112434499887715,1.0,-2.5374379720714657
-0.9936327015863328,0.48585065782712644,-1.0,-0.4674925209928923,-0.4033077392615241,-0.2208357884501062,-0.4836276346422758
-0.4580249511429544,1.0,0.833503904859388,0.8063280723103818,1.0,1.0,-1.9738415561123237
-1.0,-0.9145930313548376,-1.0,-1.0,-0.5724523054861398,-0.357844451059263,-2.787403579533077
1.0,0.9163821443702402,0.8714604892782372,0.6938139434407717,-1.0,-0.28884433276227595,4.346878769340944
-1.0,-1.0,-1.0,-0.6045061008931278,0.10314198534376345,0.09467223516044446,-6.325876215974061
-0.8518141369831357,0.3420394433724341,-0.07749232693399002,0.9119203029017657,0.4704328089004859,0.13487502419109987,1.9521413099488694
0.4147433684418498,0.2279090377338102,1.0,-0.7402907560790507,-1.0,0.19685296449189982,0.7369283405616374
0.3513443971176987,0.763948596566592,1.0,1.0,-0.6611412122521996,0.0025949409453027705,0.02488460173087098
-0.08127095655830163,-1.0,-0.4701006566380179,-0.13247800233204515,1.0,0.6150133514076503,-0.24182145027757013
-0.6859351136225307,0.48566629145293516,-1.0,-1.0,1.0,1.0,11.283208857814033
0.04109442446258588,-0.42117570191168513,-0.18980303487011285,0.22278944675438694,-0.3140393302641429,-0.14906843486566446,-0.2693191281490467
0.08580116145814255,0.04978107933237258,-0.4939474963473564,-0.07638574252388364,-1.0,0.007170529415742366,-0.903440849920599
-0.5270663802245404,-0.11652140023302504,0.9484266194040599,0.3208483678842187,0.6510997290719363,-0.6724632332580069,2.2921193719584374
0.8124833153344035,1.0,0.08283031787627482,-0.48867536564626757,1.0,0.6090015625518337,1.108494176335673
-0.4360078244691202,-0.3140197139991957,1.0,0.005527151445383072,0.9164337925888754,1.0,-0.5581280160539747
-0.904299108471027,-1.0,-0.2315181668006734,-0.22722275247398338,-0.9382767489298698,-1.0,1.7935137851107816
1.0,-0.7606805745348767,0.5595231451169173,-0.525737884776982,0.7389348943786663,0.3667893760905587,-1.9911685650881266
-0.186202162542825,0.15070189707190118,-0.17032381987504075,-0.7963371934246412,1.0,0.5831655907286792,2.08265841567567
-0.7495018092409361,-0.7351122761384099,-0.7966735128998532,-0.9074626807291368,0.24855804204928544,0.2062229476555253,-1.9695639099892506
-1.0,0.003932554682624656,0.3372740478361236,-1.0,-1.0,-1.0,-0.3576392176685531
0.1405857756621569,0.5705842132803743,-1.0,0.18368746913528133,1.0,-0.006390127198384353,-0.7398883332568734
-0.24957725942708675,0.4224281617428054,0.9013460031864491,1.0,0.2150915343504824,-1.0,1.5198338071435744
0.43150193393048497,0.6124147809277916,0.36378501521921924,1.0,0.8785963381311763,1.0,1.667249967357075
0.8466498243090956,1.0,-0.5039914460161644,0.7526745706603777,0.132869273159205,0.5321379174068132,2.009217743038097
0.0019490883011864836,0.9181378294156962,-0.24856669699643488,-0.9920320571988139,-1.0,-0.5356354952808468,2.462894372217486
0.8155362951611118,-0.6658002789777511,-0.6466633197507923,-1.0,0.26831948159259034,0.9455360208154593,-0.45029642822701627
-1.0,-0.08589439035828861,-0.4776604095319492,-0.14351096297152816,0.06637122232044024,1.0,3.052535896038181
1.0,1.0,1.0,1.0,0.7182554302550641,0.04575498810732445,-6.744924952933646
0.5728302576593015,0.43468928211179503,0.2615106843637251,1.0,0.15254818088388278,-0.27526059427193905,-0.3111610858675866
0.6443966591346412,0.12984054266755207,0.10669566972780364,-1.0,0.8727439089943234,0.8536923195429718,2.4218651857333717
-1.0,0.010343053700475613,0.006225016188852517,0.09487215651337255,-0.21327639920902186,0.46032755616119847,-0.5486987246738685
0.5962937596773703,1.0,0.363059231858038,0.7726373328808638,-1.0,-0.7556910557892329,5.4474736563207244
-0.5083466586607839,-1.0,-0.7735437221901076,-1.0,-0.6512196093391915,-1.0,4.117205150283675
-0.5539025040955428,-1.0,0.5385353311571853,-0.9331757369915812,-0.7142892185571525,0.6112234387516271,-0.7238370858142071
0.36900621176252335,-0.8397210613606091,0.3387236846678045,0.3412284074402937,0.6549310752976166,0.5776534704908798,0.009927505596359777
-0.3137222591736955,-0.16777034776246902,0.9371350785158862,1.0,1.0,-1.0,0.07142667448482933
0.8812565798608905,0.8867135052770065,0.7307349795378034,-0.14448880586562746,0.4393884071494127,1.0,-1.7565680890425024
-1.0,-0.4984607623846715,-0.45247821897775364,-0.9815915858268247,0.9445873555171551,0.13345874113990144,1.9052506744403426
1.0,0.03208682535664753,0.8866299498423966,1.0,0.02306900719294558,-0.39662921333227097,0.02691122531490453
-1.0,-0.32304963003823084,-0.15751685151235614,-0.3720094939785234,0.6756462566380279,0.8658266416675322,3.1294470991100027
-0.13529081916270225,-0.7885678881292388,-0.7645778191869912,-0.06483910774383372,0.13256651475152847,-0.10385896882103851,-0.9959323717246522
-0.16421741738720474,-0.9757605346746764,-1.0,0.09077159829958928,0.7809739377421199,0.7329550224649919,1.1050141022198203
0.13538655187943976,0.23870431054607466,-0.0324438421858656,-1.0,-0.4736587589776652,-0.4856251817670638,1.0716943269863908
-0.5943691977409753,-0.7720368641398878,-0.46774632608578426,-1.0,0.9119309539845415,-0.4907955199850872,2.804193031518339
-1.0,-0.10766966586481663,-0.3354622605421709,-0.32017108756377344,0.842654951772056,1.0,4.911549441630675
0.48036811491688514,-0.8728248531801144,0.9285003963722436,0.47030894959682273,1.0,0.33044885489261366,-1.3165230557808099
1.0,1.0,0.7605622328657937,1.0,-0.348818652333256,-0.2585038982477216,1.8538737035389148
-0.006251580123442069,-0.9288975922706827,-1.0,-0.1794517193310129,0.20674211644921142,0.7218716292043637,0.5413602055152691
-1.0,-0.8850961132866169,-0.9525728055283669,-0.6174353281848142,1.0,0.25993603802174947,-4.3523589749639635
-0.04876036836329334,-1.0,-0.9198264940160845,-0.10292337776811533,1.0,-0.33175571224419653,-2.939300668582763
-0.46828815862556883,-1.0,-0.07450506031177095,-1.0,-1.0,0.1357074845834173,4.403059287577927
1.0,0.4253174167151743,-0.007980421094284207,-0.0721590595506223,-0.8614086724847865,0.2547799947318322,2.11940163467856
-1.0,0.4216027969339732,-0.2441091473638901,-1.0,0.5928013150904763,0.3200151034913908,3.5488517124428554
0.10783091361561564,-1.0,-0.20597209317396958,-0.9547699183977629,0.08723713765856189,0.975201889804163,0.0699719635484709
0.40130357254327736,-0.7156465048361104,-1.0,-0.1549706447706692,-0.34987842569904276,0.6937937133741278,1.5592899555192177
1.0,-0.2860914193578901,1.0,1.0,1.0,0.9059365913406825,-6.91258211328031
-0.07918614779342126,0.28992137115435,0.6869449033761963,-0.21971092757173505,-0.026728284432437466,-0.9083376190825626,1.375357222191279
0.10048814068174944,-0.12373686092579117,-0.4047207865792441,1.0,1.0,-1.0,-0.6643325905188535
0.1180070844520541,0.9369138835259831,-1.0,-0.9069635338993332,0.3595517172113185,0.789241121242442,7.248923745911596
-0.8908939464661803,-0.8276202351167875,0.6735254132256574,0.3524149570706722,0.6571147634989998,1.0,1.6852397409189135
0.6303048557136808,-0.5637288156423947,0.8205801819022184,-0.21153444098190732,-1.0,1.0,4.030512062822687
0.45167900356766005,0.5347769500546581,0.4264356366084435,0.9768160380357047,-1.0,-0.38831073534778515,3.435936066760597
0.9808508981127964,1.0,1.0,1.0,1.0,0.8526062900913404,-10.44052464009995
-1.0,-0.6338773719042587,1.0,-1.0,-0.45244229070617137,-0.17310579515888452,-0.6109650998488154
1.0,0.492162122837728,1.0,1.0,-1.0,0.05430605183826065,3.7953880299761376
-0.06722995562805778,-0.4733417296926834,0.36573530893394984,-0.47517718873475034,1.0,1.0,2.3153342328993665
-0.1597740910327453,-1.0,0.4932224658060057,-1.0,1.0,1.0,-0.08052832823406586
1.0,1.0,0.7537410770060118,1.0,0.2578696211234221,1.0,-3.815237232831706
-0.11670576921209269,-0.616364885825715,-0.05704313329863542,-0.10381842485045636,0.6973061429201614,-1.0,3.3588558245292712
0.41481229516868057,-0.8324301071876424,-0.681943860266818,0.49303678702284176,-0.16555164897560082,-0.5257667715205498,-0.3704692983170683
0.7969111106286597,0.44122609482977526,0.2288389090670523,0.5519242577786474,0.5613019147063028,-0.2336002786797997,-0.39623236280331925
0.38281218790353555,0.9690541626181517,-0.8122437057473392,-0.8388786427818955,0.04272346265938487,1.0,9.174609749058755
0.42795541573931656,-0.7704603755222783,0.15138631312266992,-1.0,0.6514362462051225,1.0,-0.9188281908302818
-0.48106360406630366,-0.06280250244333063,-0.136870476637606,-0.6335098276696687,-0.6519084416605498,1.0,2.2605785144137234
0.35565908872008944,1.0,1.0,0.5472837364519684,0.5602615640205522,-0.12347676413239282,-3.5192301514461675
-0.010996012500304353,-0.16564642858764578,-1.0,0.2474766295805163,-0.39360685335767776,-0.8563913430694517,1.4967638186726522
0.28540141578071343,1.0,-0.2805822467863886,1.0,1.0,1.0,3.9381747023934874
1.0,0.9146250123685682,-0.06943649843336086,-0.2169288206040178,0.26662141394922223,0.5524872644221066,-0.21115913772637795
-1.0,-0.5691557347122469,-0.8905864542966875,-1.0,0.21099242158381848,0.7766884254417372,-0.22286976375672365
-0.5830442327262012,-0.8512188803955731,0.2687063288792548,-0.8613932677608271,-0.2985129228059854,7.036399109638936e-05,-0.024736658076686388
0.421631940606958,-1.0,-1.0,0.7398302170265115,-1.0,0.12764446391246842,0.024906628974170703
0.9173571438750043,1.0,0.45881078575589795,1.0,1.0,1.0,-2.515593675532252
0.5601302701426157,0.531362221676911,-1.0,-0.393157073127261,-1.0,-1.0,1.874044243360683
-0.9159917260847112,-0.9292626218011655,-0.9450927126675379,-0.9958567540172512,0.3451186707543704,-1.0,4.055669332336969
1.0,0.6294124911626895,1.0,0.8856567561920909,-0.3418490136705887,-0.21423994693044981,1.0846740563056332
0.7166342138141063,-0.20979959268270965,-1.0,0.58648606551256,0.20631823840799857,0.6355219986951683,1.8237047121636243
-0.616688530190594,-0.200139351194769,0.7991223460569298,-1.0,0.0502828946498326,-0.2773233050668822,0.26119901490820363
-1.0,-0.465176023744506,0.3911136804186892,-1.0,-0.1549191992734289,-1.0,2.547089298065304
1.0,-0.08948665659375721,-0.16984314495339292,-0.05066186683440088,-0.007813172656658318,0.8465312423550427,1.044397352548947
-0.3268493295172137,-0.4009946931995889,-0.45335975058508815,-1.0,1.0,-0.4077889283898572,3.0560131167174296
-1.0,-1.0,-0.11636540421518293,-0.17271163415758006,1.0,0.3865186855967888,1.012020862195564
-0.37346705950501924,-0.9994325996596453,-1.0,-0.5024835237933977,0.8209745790968451,-0.00016815344913845287,-4.109874112425755
-1.0,-1.0,0.20240053980302064,-0.10727463174243357,-1.0,-0.5246213837864397,0.7424934306414646
0.031279565108270235,1.0,0.15454799717137013,1.0,-0.35442754145683486,0.29327599606348537,0.5377480396417189
-1.0,-1.0,-1.0,-1.0,0.8791686837617518,1.0,-1.1023304820447524
0.3058647894986639,1.0,-0.1405680120093431,0.3536123830064388,0.5105106305875594,0.5020361718398079,0.38451530760492725
-0.8256532831925207,-0.25250024310052854,-0.49842470134275274,-0.006964709975516126,-0.44215195332925794,-0.34907300576922107,-1.5680116457671387
0.515112503981396,0.6814794982330284,1.0,0.2410558420821578,1.0,1.0,-2.933345516849506
-1.0,-0.06342837897777087,0.5081673791775811,-1.0,-0.2725627924283096,0.40057620919970605,-1.078474618670538
0.738264752142541,-1.0,-0.17801564561059324,0.34510114716252316,-1.0,-0.6264752071739781,4.1229510393992985
-0.5658552930758629,-0.06832195817884079,-0.630097211582493,-0.4802119112683785,-0.38459901252965567,1.0,4.367159239290731
1.0,0.21629140359175641,-0.7360926843090014,-0.9001616960976497,-0.28346113118846405,-0.6019923403252563,1.6554725543790545
1.0,0.927700482764255,-0.31126208068693645,1.0,0.23546606756629518,0.959806673993479,1.6547850538067195
-0.9716349045404331,-0.184435609805973,0.5783076156436637,0.10211650897452332,0.34640842789739623,0.748242863200656,-0.5673904406599437
-1.0,-0.39502292060855826,-1.0,-0.1289890160468048,-0.02690376007673312,1.0,5.695634503001509
0.8200927649585332,0.5331075458255738,1.0,0.07897695993551679,1.0,1.0,-4.364351190740361
1.0,0.04293468176187809,0.22721189947530007,0.46086029439190357,-0.5012283690852779,-0.35878070890838104,3.20422431063487
-0.31687196456551325,0.23263017763069793,-1.0,1.0,-0.8164834685968723,0.22585461830553966,-1.1128386455550252
1.0,0.008420949557871316,1.0,1.0,-0.6807625311208827,-0.5565705961087081,3.9307707825695726
-1.0,-1.0,0.08144216054257558,-0.8488949929918594,-0.7083551685603835,-0.16021408851559693,0.9485317074454759
1.0,1.0,0.6194416863965925,0.15745189458698672,-1.0,-0.9948580175387176,5.495034163188735
